,Rating,name,age,position1,Apps,Mins,Goals,Assists,SpG,KeyP,Drb,Fouled,Off,Disp,UnsTch
0,8.48,Carlos Vela Los Angeles FC,32, M(CLR),33,2906,36,11,5.1,2.9,2.8,2.8,0.8,2.3,2.1
1,8.0,Zlatan Ibrahimovic L.A. Galaxy,40, FW,31,2790,31,8,5.1,1.6,0.8,1.0,1.5,0.8,2.8
2,7.7,Cristian Pavón L.A. Galaxy,25, AM(LR),13,1155,4,5,2.8,2.4,2.7,1.2,0.2,1.4,2.8
3,7.57,Eduard Atuesta Los Angeles FC,24, DMC,32,2816,4,8,1.4,1.6,2.3,1.5,-,1.4,1.5
4,7.51,Kacper Przybylko Philadelphia,28, FW,25(1),2242,15,4,3.1,1.0,1.2,0.9,0.6,1.2,2.4
5,7.46,Nicolás Lodeiro Seattle,32, M(CLR),32,2890,9,11,2.0,3.2,0.8,3.9,0.2,2.9,3.0
6,7.41,Alejandro Pozuelo Toronto,30, M(CR),32(2),2914,14,10,2.5,2.8,2.2,1.8,0.2,2.5,2.7
7,7.39,Josef Martínez Atlanta United,28, AM(L),32,2851,28,3,4.0,1.0,1.0,1.0,0.8,0.9,1.5
8,7.38,Diego Rossi Los Angeles FC,23, AM(CLR),35(1),3082,17,8,3.1,1.4,1.8,1.1,0.7,1.5,2.6
9,7.32,Mark-Anthony Kaye Los Angeles FC,26, M(C),27(5),2548,4,8,1.1,1.6,1.8,1.4,0.1,1.9,1.8
10,7.31,Ján Gregus Minnesota United,30, M(C),31,2769,2,8,2.0,2.2,0.8,0.8,-,0.6,1.0
11,7.3,Carles Gil New England,28, AM(CR),35,3145,10,12,1.9,3.2,2.1,2.6,0.1,1.7,2.4
12,7.3,Kei Kamara Colorado,37, AM(LR),29,2542,14,1,3.2,0.7,1.4,1.6,0.3,1.9,3.3
13,7.29,Jamiro Monteiro Philadelphia,27, M(C),24(4),2258,4,7,2.0,1.6,2.4,1.6,0.3,1.7,1.8
14,7.29,Diego Valeri Portland,35, AM(CLR),29(3),2631,8,8,2.7,4.0,1.0,1.0,0.4,1.2,1.9
15,7.29,Nani Orlando City,35, M(CLR),26(4),2279,12,5,2.1,2.3,2.2,1.2,0.2,1.5,2.2
16,7.28,Diego Rubio Colorado,28, AM(C),25(1),2066,11,4,1.9,1.4,1.5,2.4,0.2,1.6,2.2
17,7.26,Gustavo Bou New England,31, AM(C),14(1),1246,9,1,4.3,1.3,2.0,0.9,0.8,2.2,2.4
18,7.25,Sebastián Blanco Portland,33, AM(CLR),29(2),2604,6,11,3.5,2.7,1.7,0.9,0.1,1.6,2.2
19,7.24,Jonathan dos Santos L.A. Galaxy,31, M(CR),31,2726,3,3,0.5,1.5,1.4,0.7,-,1.1,1.4
20,7.24,Wayne Rooney DC United,36, M(CLR),28(1),2427,11,7,3,2.6,0.8,1.1,0.4,1.1,1.2
21,7.24,Rod Fanni Montreal,39, D(CR),3,270,-,-,-,-,0.7,0.3,-,0.3,0.3
22,7.24,Maximiliano Moralez New York City FC,34, AM(CLR),29(1),2527,7,13,1.8,3.3,1.1,2.7,0.4,1.6,2.4
23,7.24,Pedro Santos Columbus,33, D(L),30(3),2766,11,5,2.3,1.9,1.8,2.5,0.2,1.6,2.1
24,7.24,Raúl Ruidíaz Seattle,31, FW,24(2),2186,15,5,3.7,1.1,1.2,0.8,0.5,1.2,2.7
25,7.22,Ryan Hollingshead FC Dallas,30, D(LR),34(1),3081,6,1,1.3,0.7,1.5,1.3,0.1,1.1,1.4
26,7.21,Ezequiel Barco Atlanta United,22, AM(CLR),14(4),1232,4,3,2.2,2.1,1.5,2.8,0.1,0.9,2.2
27,7.2,Cristian Espinoza San Jose,26, AM(LR),30,2533,2,10,3.2,2.8,2.5,0.9,0.4,1.5,2.4
28,7.19,Julian Gressel Atlanta United,27, D(R),34(2),2965,8,12,2.2,2.2,0.6,0.4,0.2,0.6,1.8
29,7.19,Jefferson Savarino Salt Lake,25, AM(CLR),29(1),2506,9,5,2.8,1.4,2.4,2.0,0.6,2.0,2.5
30,7.19,Valeri Qazaishvili San Jose,28, AM(CLR),24(8),2099,8,5,3.4,1.2,3.1,0.7,0.3,2.5,1.9
31,7.19,Latif Blessing Los Angeles FC,24, D(R),31(5),2824,6,3,1.2,1.2,2.2,2.6,0.1,2.3,2.3
32,7.18,Johnny Russell Kansas City,31, AM(LR),24(4),2115,9,6,2,2.3,1.6,1.5,0.2,0.9,2
33,7.18,Jorge Moreira Portland,31, D(R),26(1),2323,2,2,1.1,1.3,1.1,0.9,-,0.6,1.4
34,7.17,Jimmy Maurer FC Dallas,33, GK,2,180,-,-,-,-,-,-,-,-,-
35,7.16,Jordan Morris Seattle,27, AM(LR),28(2),2396,13,6,1.6,0.9,1.3,0.5,0.4,1.1,1.5
36,7.16,Michael Barrios FC Dallas,30, AM(CLR),32(1),2852,5,14,1.8,2.7,1.3,1.1,0.3,1.2,2.2
37,7.16,Bojan Montreal,31, AM(CLR),7(1),608,3,-,2.3,0.9,2.8,1.6,0.1,1.3,2.5
38,7.16,Cristian Roldan Seattle,26, M(CR),33,2928,6,4,1.1,1.2,1.2,2.2,-,1.1,1.7
39,7.15,Ali Adnan Vancouver,27, D(L),28,2412,1,3,1.4,1,2,1.7,0.2,0.7,1.6
40,7.15,Alexandru Mitrita New York City FC,26, AM(CL),25(5),2225,12,2,3.2,1,2.3,1.7,0.1,1.9,2.5
41,7.14,Aleksandar Katai Chicago,30, AM(CLR),24(5),2106,6,6,3.6,1.2,2.3,0.8,0.5,1.7,2.3
42,7.14,Jozy Altidore Toronto,32, FW,18(5),1713,12,5,2.2,1,0.6,1.4,0.4,1,2.1
43,7.14,Marc Rzatkowski New York,31, M(CR),27(2),2439,2,3,1.4,2.1,0.9,2.0,0.2,1.3,1.7
44,7.13,Romain Métanire Minnesota United,31, D(R),28,2520,1,4,0.4,1.7,2.1,0.8,-,1.8,1.9
45,7.13,Alberth Elis Houston,25, AM(LR),22(4),1921,9,8,3.2,1.5,1.8,2.2,0.6,1,2.7
46,7.12,Héber New York City FC,30, AM(L),18(5),1607,15,3,2.4,1.2,0.3,0.8,0.6,1,2.4
47,7.12,Donovan Pines DC United,23, D(C),9(1),785,-,1,0.2,0.7,0.4,0.4,-,0.3,0.7
48,7.11,Felipe Gutiérrez Kansas City,31, DMC,31(1),2723,12,1,2,1.6,0.8,1.8,-,1.4,1.8
49,7.11,Maxime Crépeau Vancouver,27, GK,26,2340,-,-,-,-,0.1,0.1,-,-,-
50,7.1,Damir Kreilach Salt Lake,32, M(C),34,2820,7,4,1.9,1.1,0.2,1.8,0.4,0.8,1.6
51,7.09,Francisco Calvo Minnesota United,29, D(CL),7,630,1,-,1.6,0.6,1.9,0.3,-,0.4,1.6
52,7.09,Pity Martínez Atlanta United,28, AM(CLR),28(6),2320,5,9,2.5,2.1,2,1.9,0.1,1.3,3.1
53,7.09,Valentín Castellanos New York City FC,23, AM(R),24(7),2144,11,6,2.8,1.1,1,1.5,0.7,1.5,2.5
54,7.08,Albert Rusnák Salt Lake,27, AM(CLR),30(1),2637,10,3,2.6,2.5,1.1,1.1,0.2,0.5,1.2
55,7.08,Magnus Eriksson San Jose,31, AM(CR),32,2807,6,7,2.8,3.2,0.9,2.1,0.1,0.8,1.8
56,7.08,Darwin Quintero Minnesota United,34, AM(CL),26(5),2241,10,6,2.6,1.8,2.4,1.1,0.3,2.1,2.5
57,7.07,Jasser Khmiri Vancouver,24, D(C),1,90,-,-,1.0,-,-,1.0,-,-,-
58,7.07,Kyle Duncan New York,24, D(LR),13,1080,1,2,0.5,0.8,1.5,1.8,0.2,1,2
59,7.07,C.J. Sapong Chicago,32, AM(LR),29(3),2551,13,1,1.9,0.9,0.6,1.8,0.4,1.3,2
60,7.06,Matt Turner New England,27, GK,21,1856,-,-,-,-,-,0.2,-,-,-
61,7.06,Francisco Calvo Chicago,29, D(CL),21(2),1936,3,1,1.4,0.6,1,0.6,-,0.7,0.7
62,7.05,Saphir Taïder Montreal,29, M(CL),31(1),2729,9,7,2.3,1.9,1.2,1.8,0.2,1.8,1.8
63,7.04,Frédéric Brillant DC United,36, D(C),34(1),3082,2,2,0.8,0.3,0.2,0.2,-,0.1,0.3
64,7.04,Miles Robinson Atlanta United,24, D(C),33(1),2978,-,-,0.6,0.1,0.4,0.8,-,0.3,0.4
65,7.04,Nicolás Gaitán Chicago,33, M(CLR),25(2),2017,4,11,1.3,2.3,1.5,1.4,0.1,1,1.9
66,7.04,Ike Opara Minnesota United,32, D(C),30(1),2657,3,1,0.7,0.3,0.3,0.3,-,0.1,0.5
67,7.03,Adama Diomande Los Angeles FC,31, AM(L),15(12),1506,10,5,2.4,0.8,1.4,0.6,0.3,1.6,2.2
68,7.02,Lucas Rodríguez DC United,24, M(CLR),32(2),2828,7,3,1.2,0.8,2.2,2.6,0.1,1.3,2
69,7.01,Ronald Matarrita New York City FC,27, D(L),25,2071,1,1,1,1.2,1.3,0.5,-,0.8,1.6
70,7.0,Jack Price Colorado,28, DMC,25(2),2233,1,10,0.1,2.9,0.2,0.4,-,0.4,0.4
71,7.0,Przemyslaw Frankowski Chicago,26, M(CLR),24(7),2301,5,7,1.8,1.6,0.9,0.6,0.2,0.8,1.8
72,7.0,Gustav Svensson Seattle,34, D(C),25(1),2205,1,2,0.9,0.6,0.1,0.8,-,0.4,0.6
73,6.99,Ryan Meara New York,31, GK,1,90,-,-,-,-,-,-,-,-,-
74,6.99,Leandro González Pirez Atlanta United,29, D(C),34,2971,1,-,0.8,0.4,1,1.6,-,0.5,0.8
75,6.99,Alexander Ring New York City FC,30, D(C),32,2880,4,4,1.5,1,0.7,0.8,-,0.9,0.9
76,6.99,Sebastian Lletget L.A. Galaxy,29, M(CLR),29(2),2498,4,5,1.2,1.1,1.1,0.9,0.1,0.7,1.1
77,6.98,Carlos Coronel Philadelphia,24, GK,3(1),319,-,-,-,-,-,-,-,-,0.3
78,6.98,Daniel Royer New York,31, AM(CLR),27(5),2419,11,8,2.8,1,0.6,1.1,0.3,1.2,2.3
79,6.98,Steven Birnbaum DC United,30, D(C),35,3152,1,-,0.9,0.1,0.1,0.4,0.2,0.1,0.3
80,6.98,Haris Medunjanin Philadelphia,36, M(C),36,3270,1,5,1,2.1,0.9,0.4,-,0.4,0.7
81,6.98,Wilfried Moimbé Minnesota United,33, D(L),4,336,-,-,0.5,0.3,0.3,0.5,-,-,0.5
82,6.97,Raheem Edwards Chicago,26, D(L),2(2),244,1,-,1.8,1,2,1,-,0.5,0.5
83,6.97,Kevin Molino Minnesota United,31, AM(CLR),12(6),1000,3,4,1.7,1.2,1.6,0.9,0.1,1.2,1.5
84,6.97,Bill Hamid DC United,30, GK,34,3090,-,-,-,-,-,-,-,-,0.1
85,6.97,Darlington Nagbe Atlanta United,31, M(CLR),35(1),3095,2,4,0.7,1,1.8,1.4,-,0.8,1.1
86,6.97,Paxton Pomykal FC Dallas,21, AM(CLR),20(6),1922,2,2,1.2,1.6,0.9,2.4,-,1,1.8
87,6.96,Chase Gasper Minnesota United,25, D(L),15(1),1383,-,-,0.3,0.9,1.1,1,-,0.3,1.3
88,6.96,Francis Atuahene FC Dallas,25, Forward,0(1),26,1,-,2,-,-,-,-,-,4.0
89,6.96,Justin Meram Atlanta United,32, M(CLR),15(6),1335,4,-,1,1.5,2.1,0.6,0.3,1,2.0
90,6.96,Diedie Traore L.A. Galaxy,22, Defender,3(1),221,-,-,-,0.8,2.5,2.3,0.3,0.5,0.3
91,6.96,Steve Clark Portland,35, GK,25,2250,-,-,-,-,-,0.1,-,-,-
92,6.95,Christian Ramírez Houston,30, FW,7(3),673,5,1,2.5,0.9,0.4,0.3,0.2,0.7,1.1
93,6.94,Mauricio Pereyra Orlando City,31, M(CLR),5(1),395,-,3,0.5,2.2,1.2,0.8,-,0.7,1.3
94,6.94,Maxime Chanot New York City FC,31, D(C),32,2880,-,-,0.4,0.2,0.3,0.7,0.1,0.2,0.4
95,6.94,Brian Fernández Portland,27, FW,16(3),1412,11,1,3.6,1.3,0.6,0.4,0.8,0.8,2.2
96,6.93,Ilsinho Philadelphia,36, AM(CR),7(23),1184,5,5,0.7,1.2,2,0.7,-,0.6,1
97,6.93,Perry Kitchen L.A. Galaxy,29, DMC,8(2),741,-,-,-,0.4,0.9,0.4,-,0.3,0.8
98,6.92,Michael Boxall Minnesota United,33, D(C),30,2667,2,-,0.4,0.2,0.2,0.6,-,0.2,0.3
99,6.92,Mauro Manotas Houston,26, AM(LR),28(4),2540,13,7,2.9,1.3,0.9,0.4,0.4,0.9,2
100,6.92,Michael Murillo New York,25, D(CR),18(4),1694,1,3,0.5,0.8,1.9,1.1,-,1.4,1.1
101,6.91,Clément Diop Montreal,28, GK,2,180,-,-,-,-,-,-,-,-,-
102,6.91,Kelvin Leerdam Seattle,31, D(CLR),31(2),2774,6,2,0.7,0.7,0.6,0.3,0.1,0.8,1.1
103,6.91,Andre Shinyashiki Colorado,24, AM(CLR),18(13),1671,7,3,1.6,0.8,1.6,1,0.2,1.3,1.2
104,6.91,David Accam Philadelphia,31, AM(LR),4(4),338,4,2,1.3,0.5,0.8,0.6,0.5,1.3,1.9
105,6.91,Clint Irwin Colorado,32, GK,9(2),900,-,-,-,0.1,-,0.3,-,-,-
106,6.91,Anton Tinnerholm New York City FC,30, D(LR),31,2723,1,7,1.1,1.1,0.8,0.9,0.2,0.8,1
107,6.9,Bastian Schweinsteiger Chicago,37, D(C),30,2676,1,3,0.8,0.6,0.5,1,-,0.4,0.5
108,6.9,Osvaldo Alonso Minnesota United,36, DMC,28,2458,2,1,0.4,0.6,1.4,2,-,0.9,0.9
109,6.9,Sean Davis New York,28, M(CR),28(3),2607,-,1,0.4,0.7,0.5,0.7,-,0.6,0.6
110,6.9,Will Johnson Orlando City,34, D(R),20(1),1698,1,1,1.3,0.6,0.6,1.1,-,0.2,0.7
111,6.9,Brandon Bye New England,25, D(LR),31,2747,2,2,0.7,0.8,0.5,0.7,0.1,0.5,1.4
112,6.9,Walker Zimmerman Los Angeles FC,28, D(C),26(1),2290,1,-,0.8,0.2,0.2,0.4,-,0.1,0.3
113,6.9,Gyasi Zardes Columbus,30, M(LR),28,2478,13,2,2.2,1.0,0.4,1.3,0.7,1.2,2.3
114,6.9,Florian Jungwirth San Jose,32, D(CR),30,2671,-,1,0.6,0.2,-,1.1,-,0.1,0.4
115,6.89,Joe Corona L.A. Galaxy,31, DMC,26(5),2325,1,1,0.6,0.6,1.5,1.2,0.1,1.5,1.4
116,6.89,Bryan Acosta FC Dallas,27, DMC,24(3),2194,3,1,2.2,0.9,0.6,0.8,-,0.8,0.7
117,6.89,Chad Marshall Seattle,37, D(C),8,720,-,-,0.9,0.3,-,0.3,-,-,0.3
118,6.89,Russell Canouse DC United,26, D(CR),26(1),2269,-,-,0.4,0.4,0.3,1.0,-,0.7,0.9
119,6.89,Florian Valot New York,28, M(CLR),2,125,-,1,0.5,2.0,-,0.5,-,1,1.5
120,6.88,Cristian Cásseres Jr New York,21, M(CR),22(2),1921,3,3,1.1,1,0.8,2.6,-,1.4,1.7
121,6.88,Jack Elliott Philadelphia,26, D(C),36,3270,3,-,0.8,0.3,0.2,0.4,-,0.3,0.4
122,6.88,Franco Escobar Atlanta United,26, D(CR),25(3),2282,2,2,0.3,0.5,1,1.0,0.1,0.9,1.4
123,6.87,Aaron Long New York,29, D(C),25,2229,2,-,0.8,0.2,-,0.9,-,0.2,0.5
124,6.87,Alejandro Bedoya Philadelphia,34, M(CR),34,3036,5,3,1.1,1.1,0.5,0.3,0.3,0.4,1.0
125,6.87,David Bingham L.A. Galaxy,32, GK,35,3150,-,-,-,-,-,0.1,-,-,0.1
126,6.86,Auston Trusty Philadelphia,23, D(C),22,1966,1,-,0.5,0.2,0.4,0.6,-,0.3,1.0
127,6.86,Omar González Toronto,33, D(C),15,1350,1,1,0.9,0.2,0.1,0.3,0.1,-,0.3
128,6.86,Mohamed El-Munir Los Angeles FC,29, D(L),4(11),582,1,-,0.7,0.7,1.4,0.4,0.1,0.5,0.7
129,6.86,Aaron Herrera Salt Lake,24, D(CLR),33(1),2948,-,3,0.6,0.8,0.8,0.4,0.1,0.9,1.2
130,6.86,Hwang In-Beom Vancouver,25, M(C),31(3),2809,3,3,1.4,1.4,0.8,1.1,-,0.9,1.2
131,6.86,Kenny Saief FC Cincinnati,27, AM(L),6(3),566,1,2,0.6,1.2,1.7,1.7,-,1.8,3.1
132,6.85,Dax McCarty Chicago,34, DMC,32,2850,1,2,0.7,1.0,0.8,1.2,-,1,1.3
133,6.85,Olivier Mbaizo Philadelphia,24, D(R),2(1),196,-,1,0.3,0.7,1.0,0.7,-,-,0.7
134,6.85,Tesho Akindele Orlando City,29, AM(CLR),22(6),1880,10,1,1.5,1.0,0.6,0.6,0.4,0.9,1.7
135,6.85,Keegan Rosenberry Colorado,27, D(CR),34,3060,1,3,0.7,1.0,0.5,0.3,0.1,0.3,0.9
136,6.85,Uriel Antuna L.A. Galaxy,24, AM(LR),31(2),2560,6,5,1.5,1.0,1.1,1.8,0.5,0.9,1.9
137,6.85,Cristhian Paredes Portland,23, DMC,20(3),1742,4,2,1.7,1.1,0.4,1.2,-,0.6,1.2
138,6.84,Víctor Rodríguez Seattle,32, AM(CLR),14(6),1236,3,3,1.7,1.6,0.8,1.4,0.1,1.2,1.5
139,6.84,Bacary Sagna Montreal,38, D(CR),25(1),2180,1,2,0.5,0.9,0.5,0.9,-,0.5,1.0
140,6.84,Benny Feilhaber Colorado,36, M(C),7(2),620,2,2,1,0.9,1.6,2.2,-,1.4,0.9
141,6.84,Brian White New York,25, FW,17(3),1368,9,1,1.5,0.6,0.2,0.5,1,0.6,2.3
142,6.83,Connor Lade New York,32, D(LR),10(1),845,1,1,0.5,0.4,0.8,1.2,-,0.3,0.8
143,6.83,Omar Browne Montreal,27, Midfielder,5(5),564,2,1,1.6,1.2,2.7,1.7,-,2.1,2.6
144,6.83,Yordy Reyna Vancouver,28, AM(CLR),22(3),1991,7,1,2.4,1,1.5,2.2,0.3,2,2.6
145,6.82,Rolf Feltscher L.A. Galaxy,31, D(R),25(1),2201,2,3,0.7,0.9,0.7,0.9,0.2,0.3,1.2
146,6.82,Kaku New York,26, AM(CLR),22(5),1997,5,5,1.3,2.1,1.1,0.4,0.1,0.9,1.5
147,6.82,Andrew Putna Salt Lake,27, GK,5,450,-,-,-,0.4,-,0.6,-,-,0.2
148,6.82,Zac MacMath Vancouver,30, GK,8,720,-,-,-,-,0.1,0.3,-,-,0.1
149,6.82,Matt Hedges FC Dallas,31, D(C),34,3005,2,-,0.4,0.2,0.4,0.3,-,0.2,0.4
150,6.81,Aníbal Godoy San Jose,31, DMC,15,1344,-,1,0.4,0.9,0.4,1.9,0.1,1.3,0.6
151,6.81,Federico Higuaín Columbus,37, AM(C),13(1),1134,1,3,1.4,2.0,1.5,1.0,0.2,1.1,1.4
152,6.81,Auro Toronto,25, D(LR),26(1),2230,-,3,0.3,0.9,1.1,1.1,-,0.6,1.3
153,6.81,Tommy Thompson San Jose,26, D(LR),28(2),2296,2,1,0.4,0.8,1.6,1.3,-,1.0,1.6
154,6.81,Diego Chara Portland,35, DMC,30(1),2696,-,1,0.2,0.8,0.8,1.7,-,0.4,1.0
155,6.8,Joseph Mora DC United,28, D(L),19(2),1682,-,1,0.3,0.8,0.8,1.0,0.1,0.5,1.0
156,6.8,Donny Toia Salt Lake,29, D(LR),26,2324,1,1,0.4,0.6,0.8,0.4,0.1,0.3,1.0
157,6.8,Júnior Moreno DC United,28, DMC,30,2671,-,2,0.4,0.7,0.8,0.6,-,0.7,1.1
158,6.8,Víctor Cabrera Montreal,28, D(C),13(3),1178,-,-,0.6,0.3,0.7,0.5,-,0.1,0.6
159,6.8,Edgar Castillo New England,35, D(L),20,1693,-,5,0.8,0.7,1.2,0.7,0.1,0.6,1.7
160,6.8,Marco Delgado Toronto,26, D(LR),33(1),2944,3,5,1.3,1.4,0.5,0.9,0.1,0.9,1.3
161,6.8,Graham Zusi Kansas City,35, D(R),26(1),2352,-,1,1.4,0.8,1.1,1.2,-,0.4,1.1
162,6.8,Kai Wagner Philadelphia,24, D(L),32,2894,-,6,0.2,0.9,0.2,0.8,0.2,0.5,0.6
163,6.8,Tristan Blackmon Los Angeles FC,25, D(CR),17(3),1558,1,4,0.5,0.8,0.7,0.3,-,0.2,0.7
164,6.79,Memo Rodríguez Houston,25, AM(CLR),16(10),1393,7,2,1.8,1.2,0.8,1.1,0.5,1.1,1.1
165,6.79,Maximiliano Urruti Montreal,30, AM(C),27(4),2440,4,6,1.7,1.0,1.0,1.7,0.3,1.5,2.1
166,6.79,Ismael Tajouri-Shradi New York City FC,27, AM(LR),12(8),1031,6,3,1.5,0.9,0.6,0.9,0.2,0.7,1.6
167,6.79,Cristian Penilla New England,30, AM(LR),19(12),1872,6,5,1.9,1.5,1.4,1.0,0.1,0.9,1.9
168,6.79,Emmanuel Jorge Ledesma FC Cincinnati,33, AM(LR),20(6),1769,6,4,1.9,1.5,1.0,1.3,0.1,1.1,2.0
169,6.79,Ignacio Piatti Montreal,36, AM(CL),9(2),757,3,1,1.8,1.0,1.3,1.5,0.3,2.1,2.5
170,6.79,Vito Mannone Minnesota United,33, GK,35,3150,-,-,-,0.1,-,0.1,-,-,0.1
171,6.78,Jorge Villafaña Portland,32, D(L),23(1),2038,-,4,0.3,1.3,0.5,0.8,-,0.4,1.2
172,6.78,Dominique Badji FC Dallas,29, AM(LR),24(4),2040,6,3,1.5,0.8,0.8,1.4,0.5,1.3,1.2
173,6.77,Luis Díaz Columbus,22, AM(R),9(4),797,2,3,1.4,1.0,1,1.3,-,0.5,1.5
174,6.77,Michael Bradley Toronto,34, D(C),30(1),2762,3,1,0.7,0.8,0.5,0.5,-,0.6,1.1
175,6.77,Fafà Picault Philadelphia,30, AM(LR),22(12),2007,5,5,1.7,0.6,1.2,1.1,0.6,0.8,2.1
176,6.77,Youness Mokhtar Columbus,30, AM(LR),5(3),442,1,-,1.8,1.3,0.8,0.4,-,0.6,1.8
177,6.77,Brad Smith Seattle,27, D(L),26(3),2280,-,5,0.4,1.0,0.9,0.5,0.1,0.6,1.9
178,6.77,Ola Kamara DC United,32, AM(L),3(3),333,3,-,1.7,0.3,0.3,0.8,1.2,0.7,1.5
179,6.77,Amro Tarek New York,29, D(C),19(1),1482,1,1,0.4,0.5,-,0.3,-,0.1,0.3
180,6.77,Judson San Jose,28, DMC,23(4),1916,1,-,0.6,0.4,0.4,0.7,-,0.3,0.4
181,6.77,João Moutinho Orlando City,23, D(L),15(1),1222,-,2,0.6,0.8,0.5,0.6,-,0.7,1.2
182,6.77,Jordan Harvey Los Angeles FC,37, D(L),30(2),2547,1,4,0.3,0.8,0.2,0.4,-,0.4,0.5
183,6.77,Jackson Yueill San Jose,24, M(C),29(3),2668,3,4,1.1,1.5,0.8,0.9,0.1,0.9,1
184,6.77,Jesús Ferreira FC Dallas,20, AM(C),30(4),2532,8,5,1.8,1.1,0.8,0.6,0.1,1,1.1
185,6.77,Alexander Callens New York City FC,29, D(C),25,2250,-,-,0.7,0.1,0.2,1.3,-,0.4,0.6
186,6.76,Forrest Lasso FC Cincinnati,28, Defender,4(1),393,-,-,0.4,-,-,1.2,0.2,-,-
187,6.76,Lamine Sané Orlando City,34, D(C),25(1),2274,-,-,0.3,0.4,0.2,0.4,0.1,0.1,0.3
188,6.76,Leonardo Jara DC United,30, D(R),25(6),2308,1,5,1.1,0.6,1.5,1.0,-,1,1
189,6.76,Brandon Servania FC Dallas,22, DMC,14(5),1228,2,1,1.5,0.8,0.6,0.7,-,1,1.1
190,6.76,Favio Álvarez L.A. Galaxy,28, AM(CL),16(3),1284,3,4,1.7,1.3,0.8,0.6,0.1,1.2,1.6
191,6.76,Jeremy Ebobisse Portland,24, AM(LR),26(9),2376,11,1,1.5,0.6,0.5,0.8,0.3,0.8,1.6
192,6.75,Hassani Dotson Minnesota United,24, D(LR),15(9),1404,4,-,0.6,0.5,0.5,0.5,-,0.5,0.8
193,6.75,Allan Cruz FC Cincinnati,25, M(CR),21(1),1744,7,-,1.7,0.7,0.4,1.9,0.3,0.5,1.8
194,6.75,Kemar Lawrence New York,29, D(CL),20(3),1849,1,-,0.2,0.4,0.3,0.9,-,0.4,0.8
195,6.75,Jonathan Lewis Colorado,24, AM(LR),10(6),900,5,3,1.0,1.1,1.1,0.6,0.4,0.8,1.1
196,6.75,Diego Polenta L.A. Galaxy,29, D(CL),30,2700,1,2,0.7,0.6,0.6,0.5,-,0.2,0.3
197,6.75,Daniel Steres L.A. Galaxy,31, D(C),32,2795,3,-,0.7,0.2,0.2,0.3,-,-,0.3
198,6.75,Bill Tuiloma Portland,26, D(C),22(4),2009,1,-,1.2,0.2,0.3,0.5,-,0.1,0.5
199,6.74,Keaton Parks New York City FC,24, DMC,15(8),1377,1,1,0.9,0.9,0.6,0.7,0.1,0.8,1.1
200,6.74,Santiago Mosquera FC Dallas,26, AM(LR),12(12),1214,3,1,1.6,0.8,1.6,1.1,0.1,1.2,1.7
201,6.74,Cody Cropper New England,28, GK,7,630,-,-,-,-,0.1,-,-,-,-
202,6.74,Steven Beitashour Los Angeles FC,34, D(R),25(1),1941,1,2,0.2,0.7,0.3,0.6,-,0.3,0.5
203,6.74,Doneil Henry Vancouver,28, D(C),24(1),2108,4,-,0.5,0.1,0.2,0.4,-,0.1,0.6
204,6.74,Bressan FC Dallas,28, D(CR),13(6),1196,1,1,0.4,0.5,0.2,0.4,-,0.2,0.6
205,6.74,Robinho Columbus,26, AM(LR),13(6),1115,-,2,1.7,0.6,2.4,0.9,0.1,1.9,2.6
206,6.74,Chris Wondolowski San Jose,38, AM(CR),24(8),1986,15,2,2.5,0.8,0.1,0.3,0.5,0.5,0.7
207,6.74,Justen Glad Salt Lake,24, D(CR),24,2154,-,-,0.3,0.1,0.1,0.5,-,0.2,0.4
208,6.74,Orji Okwonkwo Montreal,23, AM(LR),24(4),1786,8,2,2,0.7,1.0,0.6,0.7,1.1,1.4
209,6.74,Jonathan Bornstein Chicago,37, D(CL),11,916,-,-,0.2,0.4,0.2,1.1,-,0.2,1.2
210,6.73,Brian Rodríguez Los Angeles FC,21, AM(LR),7(2),498,-,1,2.1,1.4,2.1,0.8,0.2,2.0,1.8
211,6.73,Guram Kashia San Jose,34, D(C),21(2),1905,-,-,0.4,0.3,0.3,0.3,-,0.2,0.3
212,6.73,Jonathan Osorio Toronto,29, M(CLR),22(6),2134,7,4,1.3,0.9,0.8,0.9,0.1,1.4,1.7
213,6.73,Cory Burke Philadelphia,29, FW,5(2),490,2,-,2.0,0.6,0.9,1.1,0.9,1.7,2.0
214,6.73,Sebastián Saucedo Salt Lake,24, AM(L),13(14),1201,2,4,1.5,1.1,1.5,1.9,0.2,1.3,1.7
215,6.73,Nick DeLeon Toronto,31, D(LR),23(13),1996,8,2,1.3,0.8,1.0,0.5,0.1,0.7,1.3
216,6.73,Richie Laryea Toronto,26, D(LR),16(8),1578,2,2,0.8,0.5,1.6,2.6,0.3,0.8,1.7
217,6.73,Christian Ramírez Los Angeles FC,30, FW,13(4),957,4,2,1.6,0.6,0.1,0.4,0.1,0.3,0.9
218,6.73,Juan Agudelo New England,28, M(CLR),21(8),1962,3,1,1.3,0.9,1.4,1.0,0.2,2.0,2.3
219,6.73,Connor Maloney Columbus,26, D(L),9(1),799,-,-,0.4,0.2,0.7,0.8,0.2,0.5,0.6
220,6.73,Eddie Segura Los Angeles FC,24, D(C),35(1),3135,1,1,0.5,0.1,0.1,0.3,-,0.2,0.3
221,6.72,Wil Trapp Columbus,28, DMC,26(2),2330,-,3,0.1,0.8,0.5,0.6,-,0.8,0.7
222,6.72,James Sands New York City FC,21, D(C),18(1),1488,-,-,0.1,0.2,0.3,0.5,0.1,0.5,0.7
223,6.72,Graham Smith Kansas City,25, D(C),10(1),882,1,1,0.7,0.2,-,0.5,-,-,0.5
224,6.72,Daniel Lovitz Montreal,30, D(L),28,2520,-,1,0.4,0.7,1.4,0.4,0.1,0.4,1.1
225,6.72,Adam Lundqvist Houston,27, D(LR),26(2),2387,-,3,0.2,1.1,0.6,0.5,0.1,0.5,0.8
226,6.72,Ebenezer Ofori New York City FC,26, DMC,14(6),1262,2,-,0.4,0.5,1.2,0.4,-,0.5,0.9
227,6.72,Felipe DC United,31, M(C),10,820,-,-,0.2,0.6,0.1,1.2,-,0.3,0.5
228,6.72,Nedum Onuoha Salt Lake,35, D(CR),28(1),2516,1,-,0.3,0.1,0.3,0.3,-,0.2,0.6
229,6.71,Fredy Montero Vancouver,34, AM(C),22(10),2099,8,2,1.9,1.0,0.8,1.5,0.2,1.3,1.6
230,6.71,Alex Muyl New York,26, M(CLR),17(8),1492,3,2,0.9,0.7,0.8,1.1,0.2,1.3,2
231,6.71,Lalas Abubakar Colorado,26, D(C),22,1980,-,-,0.5,0.2,0.1,0.5,0.1,0.2,0.3
232,6.71,Everton Luiz Salt Lake,33, DMC,26(3),2279,-,2,0.3,0.6,1,1.4,-,0.7,1.3
233,6.71,Josh Sims New York,24, AM(LR),6(2),507,1,1,1.5,1.1,0.9,1.3,0.1,1.9,2.5
234,6.71,Bradley Guzan Atlanta United,37, GK,37,3330,-,-,-,-,-,0.1,-,-,0.1
235,6.71,Nick Rimando Salt Lake,42, GK,31,2790,-,-,-,-,-,0.1,-,-,-
236,6.71,Stefan Frei Seattle,35, GK,38,3450,-,-,-,-,-,0.2,-,-,-
237,6.71,Paul Arriola DC United,26, D(R),29(1),2553,6,2,2.1,1.4,1.2,1.3,0.1,1.1,2.1
238,6.7,Lassi Lappalainen Montreal,23, M(L),8(3),683,5,-,1.5,0.5,1.4,0.1,0.1,1.5,1.6
239,6.7,Antonio Delamea Mlinar New England,30, D(C),17(1),1441,2,1,0.4,0.1,0.1,0.6,-,-,0.1
240,6.7,Luciano Acosta DC United,27, AM(CL),22(10),2163,6,1,1.8,1.0,1.8,1.2,0.1,2,2.6
241,6.7,Rasmus Schüller Minnesota United,30, M(CL),11(4),925,-,-,1,0.7,0.3,0.6,-,0.3,1
242,6.7,Tomás Martínez Houston,26, AM(CR),30(3),2332,5,2,1.6,1.1,1.3,1.3,0.1,1.6,2
243,6.69,Sean Johnson New York City FC,32, GK,30,2700,-,-,-,0.1,-,0.1,-,-,-
244,6.69,Dejan Jakovic Los Angeles FC,36, D(C),2(2),197,-,-,-,0.3,0.5,0.5,-,0.3,0.3
245,6.69,Carlos Ascues Orlando City,29, D(C),14(3),1114,1,1,0.5,0.5,0.9,0.5,0.1,0.6,0.7
246,6.69,Ryan Telfer Toronto,27, M(L),0(1),3,-,1,-,1.0,-,-,-,1,-
247,6.69,Tsubasa Endoh Toronto,28, M(CLR),14(3),1125,3,2,1.4,0.8,0.6,0.9,0.4,0.5,1.4
248,6.69,Zdenek Ondrasek FC Dallas,32, FW,9(10),844,7,2,1.5,0.6,0.1,0.5,0.2,0.4,1.4
249,6.68,Brandon Vázquez Atlanta United,23, FW,7(4),637,2,1,2,0.7,0.8,0.5,0.3,1.2,1.7
250,6.68,Samuel Piette Montreal,27, M(C),25,2220,-,-,0.5,0.5,0.5,1.4,-,0.8,1.0
251,6.68,Boniek García Houston,37, D(CR),30(2),2584,-,1,0.5,1.2,0.8,1.3,-,0.8,1.3
252,6.68,Harrison Afful Columbus,35, D(R),22,1905,-,2,0.9,0.8,0.5,0.7,-,0.8,1.0
253,6.68,Román Torres Seattle,35, D(C),15(6),1388,1,-,0.7,0.1,0.2,0.3,-,0.2,0.1
254,6.68,Justin Morrow Toronto,34, D(CLR),30(2),2728,1,3,0.6,0.8,0.7,0.6,0.1,0.9,1.3
255,6.68,Liam Fraser Toronto,23, DMC,9,810,-,-,0.8,1.0,0.7,0.9,-,0.6,0.7
256,6.67,Waylon Francis Columbus,31, D(L),16(1),1383,-,-,0.2,0.3,0.4,0.6,-,0.3,0.5
257,6.67,Matías Vera Houston,26, DMC,30,2639,-,1,0.7,0.6,0.9,0.9,-,0.7,1.0
258,6.67,Kyle Beckerman Salt Lake,39, DMC,26(1),2304,-,4,0.7,0.5,0.3,1.1,-,0.5,0.8
259,6.67,Teal Bunbury New England,31, AM(LR),26(7),2273,6,2,2.0,0.8,0.9,1.0,0.5,1.6,2.4
260,6.67,Daniel Vega San Jose,37, GK,34,3060,-,-,-,-,-,0.1,-,-,0.1
261,6.67,Marco Fabián Philadelphia,32, AM(CR),15(10),1292,8,1,2.8,1.2,0.8,0.9,0.2,0.3,1.6
262,6.67,Marco Farfan Portland,23, D(CLR),3,190,-,-,-,0.3,0.3,0.3,-,0.7,-
263,6.67,Gastón Sauro Columbus,31, D(C),15,1285,2,-,0.7,0.3,0.1,0.3,-,0.1,0.3
264,6.67,Chris Mavinga Toronto,30, D(CL),28(2),2489,-,1,0.2,0.2,0.4,0.6,-,0.1,0.3
265,6.67,Tyler Miller Los Angeles FC,28, GK,30,2700,-,-,-,-,-,0.2,-,-,0.1
266,6.66,Brian Rowe Orlando City,33, GK,32,2880,-,-,-,-,-,0.1,-,-,-
267,6.66,Zack Steffen Columbus,26, GK,13,1170,-,-,-,-,-,0.1,-,-,-
268,6.66,Hárold Cummings San Jose,29, D(C),16,1392,-,-,0.1,0.3,0.4,0.8,-,0.3,0.4
269,6.66,Zakaria Diallo Montreal,35, D(C),23(1),2038,3,2,0.5,0.3,0.6,0.9,-,0.3,0.5
270,6.66,Djordje Mihailovic Chicago,23, M(CL),16(11),1450,3,1,0.9,1.4,0.6,0.9,-,0.3,1.3
271,6.66,Aurélien Collin Philadelphia,35, D(C),6,530,-,-,0.8,0.2,0.2,0.7,-,-,0.7
272,6.66,Cristian Higuita Orlando City,27, M(C),7(2),648,-,-,0.7,0.3,0.6,1.7,-,1.2,1.2
273,6.66,Alvas Powell FC Cincinnati,27, D(R),10(3),968,-,-,0.5,0.5,2.2,1.4,-,0.5,1.8
274,6.66,Larrys Mabiala Portland,34, D(C),23,1994,2,-,1,0.2,-,0.3,-,0.1,0.3
275,6.65,Rodolfo Zelaya Los Angeles FC,33, Forward,1(3),118,1,-,1.5,1,1.3,0.5,0.3,0.5,1.0
276,6.65,Chris Mueller Orlando City,25, AM(LR),16(13),1371,5,3,1.4,0.9,1,0.8,-,1.4,1.7
277,6.65,Tim Melia Kansas City,35, GK,32,2880,-,-,-,-,-,0.1,-,-,0.1
278,6.65,Chris Duvall Houston,30, D(CR),1,90,-,-,-,-,-,2.0,-,-,2.0
279,6.65,Joevin Jones Seattle,30, D(L),13(8),1234,-,4,0.8,1.1,1.3,0.9,-,1.4,0.9
280,6.65,Darren Mattocks FC Cincinnati,31, AM(LR),13(8),1276,3,3,1.3,0.9,1,1,0.6,1.2,1.4
281,6.65,Rudy Camacho Montreal,30, D(C),16(1),1464,1,-,0.5,0.3,0.4,0.4,-,0.1,0.4
282,6.64,Luis Caicedo New England,25, DMC,27(4),2359,-,-,0.7,0.3,0.2,1.8,0.1,0.6,0.8
283,6.64,Sam Nicholson Colorado,26, M(CLR),19(8),1770,2,3,1.8,0.9,1.3,1.9,0.3,1.1,1.6
284,6.64,Oriol Rosell Orlando City,29, DMC,16(4),1466,-,-,0.8,0.3,0.2,0.6,-,0.3,0.7
285,6.64,Carlos Gruezo FC Dallas,26, DMC,9,784,1,-,0.8,0.4,0.6,0.6,-,1,0.3
286,6.64,Jalil Anibaba New England,33, D(CLR),19(3),1764,1,-,0.2,0.1,-,0.4,-,-,0.4
287,6.64,Greg Ranjitsingh Orlando City,28, GK,2,180,-,-,-,-,-,-,-,-,-
288,6.64,Alejandro Fuenmayor Houston,25, D(C),8,699,-,1,0.4,0.1,0.1,0.9,-,0.3,0.4
289,6.64,Romain Alessandrini L.A. Galaxy,32, AM(CLR),5(2),331,-,2,1.7,1.1,0.7,1.1,0.4,1,1.9
290,6.64,Jake Nerwinski Vancouver,27, D(CR),24(2),2025,1,-,0.2,0.2,0.9,0.7,-,0.6,1.0
291,6.64,Nicolas Benezet Toronto,30, AM(CLR),9(3),711,3,-,1.8,0.6,0.8,1.8,0.1,1.1,2.5
292,6.63,Maynor Figueroa Houston,38, D(CL),25,2250,-,1,1.1,0.4,0.5,1.0,-,0.1,0.3
293,6.63,Marcos López San Jose,21, D(L),15(3),1169,-,-,0.6,0.9,0.8,1.6,-,1.0,0.9
294,6.62,Brent Kallman Minnesota United,31, D(C),14(2),1282,-,1,0.1,0.1,0.1,0.7,0.1,0.1,0.4
295,6.62,Kendall Waston FC Cincinnati,33, D(C),24(1),2175,1,-,0.7,0.1,0.2,0.6,-,0.2,0.6
296,6.62,Érik Godoy Vancouver,28, D(CR),28(1),2596,1,1,0.4,0.2,0.2,0.3,-,0.1,0.2
297,6.62,Laurent Ciman Toronto,36, D(C),17(3),1563,-,1,0.7,0.2,0.3,0.1,0.1,0.1,0.2
298,6.62,Gerso Kansas City,30, AM(LR),20(5),1751,2,6,1.6,1.1,1.5,1.9,0.3,1.5,2.0
299,6.61,Reto Ziegler FC Dallas,35, D(CL),33,3000,5,1,0.8,0.2,-,0.3,0.1,0.1,0.4
300,6.61,Zachary Brault-Guillard Montreal,22, D(R),9(4),871,-,1,0.8,1,0.7,0.2,0.1,1.1,1.5
301,6.61,Nick Hagglund FC Cincinnati,29, D(CR),20(2),1802,-,-,0.5,0.2,0.4,0.2,-,0.2,0.3
302,6.61,Krisztián Németh Kansas City,32, AM(LR),18(6),1560,8,2,2.2,0.9,0.5,1.1,0.5,0.8,1.8
303,6.61,Dave Romney L.A. Galaxy,28, D(CLR),12(2),1108,-,1,0.6,0.6,0.2,0.1,0.1,0.1,0.6
304,6.61,Romell Quioto Houston,30, AM(L),8(10),794,2,2,1.5,1.1,0.9,0.9,0.3,0.9,1.1
305,6.61,Johan Kappelhof Chicago,31, D(CR),29,2562,-,1,0.2,0.3,0.2,0.3,-,0.3,0.7
306,6.6,Yohan Croizet Kansas City,29, M(CR),12(8),1091,3,1,1.2,0.7,1.4,0.8,0.4,0.7,2.2
307,6.6,Michael Chirinos Vancouver,26, Forward,4(3),412,1,1,1.4,0.9,1.4,0.9,0.1,1,2
308,6.6,Adrián Zendejas Kansas City,26, Goalkeeper,1,90,-,-,-,-,-,-,-,-,-
309,6.6,Dillon Powers Orlando City,30, M(CL),7,620,-,1,0.6,0.9,0.7,1.4,0.1,0.6,2
310,6.6,Modou Jadama Portland,27, Defender,1,90,-,-,-,-,-,-,-,-,-
311,6.6,Nicolás Mezquida Colorado,29, AM(CLR),11(21),1406,4,3,2.1,1.1,0.9,0.9,0.1,0.8,1.6
312,6.59,Shane O'Neill Orlando City,28, D(CR),8(3),838,-,-,0.3,0.5,0.2,0.2,-,0.3,0.5
313,6.59,Luis Robles New York,37, GK,34,3090,-,-,-,-,-,0.2,-,-,0.1
314,6.59,Tommy Smith Colorado,31, D(C),27,2415,3,2,0.9,0.4,-,0.3,0.1,0.1,0.3
315,6.59,Danny Wilson Colorado,29, D(C),15(5),1330,2,1,0.7,0.3,0.4,0.4,0.1,0.5,0.5
316,6.59,Quentin Westberg Toronto,35, GK,32,2895,-,-,-,-,0.1,0.1,-,-,-
317,6.59,Jørgen Skjelvik L.A. Galaxy,30, D(CL),19(1),1682,1,2,0.3,1,0.4,0.4,0.1,0.7,0.8
318,6.59,Ilie Sánchez Kansas City,30, D(C),27(5),2510,2,4,0.6,0.7,0.3,0.5,0.1,0.4,0.4
319,6.59,Nemanja Nikolic Chicago,33, FW,25(6),2005,12,-,1.5,0.7,0.1,0.5,0.6,0.5,1.1
320,6.59,Josh Williams Columbus,33, D(CR),15(1),1281,2,-,0.3,0.2,0.1,0.4,0.1,0.1,0.4
321,6.59,Jesse González FC Dallas,26, GK,33,3000,-,-,-,-,-,0.1,-,-,-
322,6.58,Frankie Amaya FC Cincinnati,21, M(C),15(4),1242,-,-,0.8,1.3,0.8,1.5,0.1,0.6,1.5
323,6.58,Ben Sweat New York City FC,30, D(CL),13(5),1266,-,1,0.2,0.6,0.9,0.5,0.1,0.5,0.6
324,6.58,Kamal Miller Orlando City,24, D(CL),14(2),1350,-,-,0.1,0.3,0.8,0.3,-,0.2,0.6
325,6.58,Brandt Bronico Chicago,26, D(R),20(9),1865,1,2,0.5,0.6,0.7,0.4,-,0.4,0.7
326,6.58,Corey Baird Salt Lake,25, AM(LR),25(8),2254,5,4,1,0.9,1,0.7,0.4,0.7,1.9
327,6.58,Scott Sutter Vancouver,35, D(R),9(7),978,1,-,0.3,0.5,0.3,0.6,0.1,0.4,0.6
328,6.58,Danilo Silva Los Angeles FC,34, D(CR),2(3),222,-,-,0.4,0.2,0.6,0.6,-,-,-
329,6.58,Reggie Cannon FC Dallas,23, D(R),27(2),2390,2,1,0.4,0.5,1,1.2,-,1.1,1
330,6.58,Erik Holt Salt Lake,25, D(C),5,371,-,-,-,-,0.4,0.2,-,0.2,-
331,6.57,Ruan Orlando City,26, D(R),23(2),2097,-,4,0.3,0.6,1.3,1.5,0.4,0.7,1.6
332,6.57,Chris Durkin DC United,21, DMC,7(6),637,1,-,0.3,0.2,0.5,0.9,-,0.7,0.3
333,6.57,Sean Nealis New York,24, D(C),3(6),452,1,-,0.2,-,-,0.3,-,-,0.4
334,6.57,Eric Miller Minnesota United,28, D(CLR),5(1),435,-,-,0.2,0.2,0.3,0.2,-,-,0.5
335,6.57,Artur Columbus,25, M(C),28(2),2453,-,-,0.5,0.5,0.6,0.6,0.1,0.9,1
336,6.57,Mason Toye Minnesota United,23, FW,9(9),848,6,2,1.6,0.4,0.3,0.6,0.3,0.7,0.8
337,6.57,Eloy Room Columbus,32, GK,12,1080,-,-,-,-,-,0.1,-,-,0.2
338,6.57,Pablo Sisniega Los Angeles FC,26, GK,6,540,-,-,-,-,-,0.2,-,-,-
339,6.56,Benji Michel Orlando City,24, AM(LR),9(8),944,5,-,0.6,0.4,0.9,1.2,0.2,1.6,1.5
340,6.56,Matthew Freese Philadelphia,23, GK,5(1),437,-,-,-,-,-,0.2,-,-,-
341,6.56,Nick Lima San Jose,27, D(LR),21(3),1810,1,2,0.7,0.8,0.8,1.0,0.3,0.7,1
342,6.56,Jhegson Méndez Orlando City,24, DMC,20(3),1814,-,-,0.4,0.3,0.7,0.6,-,0.8,0.9
343,6.56,Jeff Attinella Portland,33, GK,10,900,-,-,-,-,-,0.1,-,-,0.1
344,6.56,Shea Salinas San Jose,35, D(L),12(16),1338,6,3,0.8,1.4,0.9,0.5,0.1,0.9,1
345,6.55,Andrew Farrell New England,29, D(CR),30,2693,-,1,-,0.1,0.3,0.8,-,0.3,0.5
346,6.55,Marvin Loría Portland,24, AM(LR),8(12),704,2,-,1,0.6,0.8,0.7,0.1,0.5,0.7
347,6.55,Ulises Segura DC United,28, AM(CLR),20(14),1868,3,2,0.8,0.7,1,0.8,0.1,1.1,1.5
348,6.55,Alex De John Orlando City,30, D(CR),6,406,-,-,0.2,0.2,-,0.5,-,0.2,-
349,6.55,Kellyn Acosta Colorado,26, D(LR),30(1),2621,2,1,1.1,0.6,1,0.6,-,1.1,1.2
350,6.55,Maikel van der Werff FC Cincinnati,32, D(C),11,990,-,-,0.4,0.4,0.2,0.7,0.2,0.1,0.3
351,6.55,Brek Shea Atlanta United,31, D(L),10(9),907,-,1,0.4,0.9,0.4,0.4,-,0.5,0.4
352,6.55,Sam Johnson Salt Lake,28, FW,15(11),1329,9,-,1.2,0.3,0.3,0.4,1.1,0.4,1.7
353,6.54,Raymon Gaddis Philadelphia,31, D(LR),36,3173,-,1,0.1,0.3,0.8,0.4,-,0.7,1.2
354,6.54,Jon Erice Vancouver,35, DMC,21,1753,-,1,0.1,0.4,0.2,1.0,-,0.4,0.8
355,6.54,Kim Kee-hee Seattle,32, D(C),34,3012,-,1,0.4,0.2,0.2,0.3,-,0.3,0.5
356,6.54,DeJuan Jones New England,24, D(LR),15(6),1386,1,-,0.7,0.5,1.1,0.4,0.1,0.8,1.3
357,6.54,Julian Araujo L.A. Galaxy,20, D(R),10(8),891,-,1,0.4,0.6,0.8,0.3,0.1,0.3,0.7
358,6.54,Romario Ibarra Minnesota United,27, Midfielder,4(4),381,2,-,1.5,0.3,0.5,0.3,0.4,1.3,1.6
359,6.54,Botond Baráth Kansas City,29, D(C),20(1),1750,1,-,0.4,0.2,0.2,0.4,-,-,0.2
360,6.54,Aboubacar Keita Columbus,21, D(C),8(2),802,-,-,0.2,0.1,0.3,0.6,-,-,0.1
361,6.54,Marcelo Silva Salt Lake,32, D(C),15(5),1432,2,-,0.5,0.2,0.1,0.5,-,-,0.2
362,6.54,Dom Dwyer Orlando City,31, FW,16(11),1616,7,3,2.4,0.3,0.5,1.2,0.6,1.1,1.7
363,6.54,Edwin Cerrillo FC Dallas,21, DMC,11(2),930,-,-,0.3,0.5,0.3,0.5,-,0.5,0.8
364,6.54,Lee Nguyen Los Angeles FC,35, M(CLR),13(12),1321,-,4,0.7,1.4,0.6,0.7,-,0.5,1.0
365,6.53,Sergio Santos Philadelphia,27, FW,7(12),789,4,2,1.4,0.6,0.9,0.8,0.4,0.8,2.5
366,6.53,Michael Mancienne New England,33, D(CLR),13(3),1189,1,-,0.3,-,0.1,0.3,-,-,0.3
367,6.53,Michael Parkhurst Atlanta United,37, D(CLR),17(5),1614,-,-,0.2,0.5,0.3,0.4,-,0.2,0.8
368,6.53,Marquinhos Pedroso DC United,28, D(L),3(1),287,-,-,0.8,1,0.3,0.5,-,0.8,1.0
369,6.53,Florentin Pogba Atlanta United,31, D(CL),10(6),985,-,-,0.3,0.2,0.7,0.4,-,0.6,0.7
370,6.53,Mikey Ambrose Atlanta United,28, D(L),4(1),350,-,-,-,0.6,0.6,0.8,-,0.2,1.2
371,6.53,Spencer Richey FC Cincinnati,29, GK,19,1710,-,-,-,-,-,0.2,-,-,0.1
372,6.53,AJ Delagarza JR Houston,34, D(CLR),23,1995,-,1,0.3,0.3,0.3,1.1,-,0.2,0.4
373,6.53,Jonathan Mensah Columbus,31, D(CR),23(1),2151,-,-,0.5,0.1,0.2,0.3,0.1,0.1,0.3
374,6.53,Chris Pontius L.A. Galaxy,34, AM(CLR),6(12),697,2,2,1,0.7,0.4,0.4,-,0.6,0.7
375,6.52,Robin Lod Minnesota United,28, AM(CLR),7(4),660,-,-,1.5,0.5,1,0.4,0.3,1.2,1.4
376,6.52,Eric Remedi Atlanta United,26, M(C),25(4),2068,-,1,0.4,0.4,0.8,1.7,-,1.2,0.9
377,6.52,Greg Garza FC Cincinnati,30, D(L),11(2),908,-,-,-,0.8,0.6,0.8,0.2,0.2,1.2
378,6.52,Sacha Kljestan Orlando City,36, M(CL),13(10),1352,1,3,0.8,1,0.4,0.5,-,0.4,1.4
379,6.52,Joe Willis Houston,33, GK,27,2430,-,-,-,-,0.1,-,-,-,-
380,6.52,Wilfried Zahibo New England,28, DMC,19(6),1590,1,1,0.6,0.5,0.4,0.6,-,0.5,0.6
381,6.52,Héctor Villalba Atlanta United,27, AM(LR),10(12),974,1,3,1.7,0.7,1.5,0.3,0.2,0.8,1.2
382,6.52,Jacob Shaffelburg Toronto,21, AM(L),8(2),673,-,1,1.1,1.1,1.1,0.8,0.2,0.9,1.6
383,6.52,Benny Feilhaber Kansas City,36, M(C),13(4),1104,2,1,1.1,0.9,0.4,0.8,0.1,1.1,0.7
384,6.52,Marquinhos Pedroso FC Dallas,28, D(L),1(1),119,-,-,0.5,-,-,-,-,-,1.5
385,6.51,Claude Dielna Portland,33, D(CL),12(4),1087,-,-,0.8,0.2,0.1,0.4,-,-,0.3
386,6.51,Harry Shipp Seattle,30, AM(CLR),15(10),1383,5,1,1.3,0.7,0.4,0.8,0.1,0.4,0.8
387,6.51,Angelo Rodríguez Minnesota United,32, FW,22(7),1819,5,1,2.0,0.7,0.7,1.1,0.5,1.3,2.8
388,6.51,Roland Lamah FC Cincinnati,33, M(CLR),22(6),1784,1,3,1.0,0.9,1.3,1,0.3,0.9,1.3
389,6.51,Patrick Mullins Toronto,29, FW,4(7),401,2,-,1.2,0.5,0.2,0.2,0.3,0.3,1.3
390,6.51,Brad Stuver New York City FC,30, GK,5,450,-,-,-,-,-,-,-,-,-
391,6.5,Gary Mackay-Steven New York City FC,31, AM(LR),5(7),526,1,1,1.4,1,0.3,0.3,0.1,0.4,1
392,6.5,Leonardo Bertone FC Cincinnati,27, DMC,22(3),2056,1,1,1.1,0.7,0.2,0.4,-,0.4,0.6
393,6.5,Roger Espinoza Kansas City,35, M(CL),15(1),1149,-,1,1,1.3,0.7,1.4,0.1,0.3,1.1
394,6.49,Jorge Corrales Chicago,30, D(L),13(2),1037,-,-,0.1,0.4,0.9,0.3,-,0.3,1.2
395,6.49,Harry Novillo Montreal,29, Forward,5(6),440,1,2,1,1.1,1.2,0.7,-,1.9,1.5
396,6.49,Jordy Delem Seattle,28, D(R),17(10),1495,-,-,0.3,0.1,0.4,0.8,-,0.3,0.3
397,6.49,Tom Barlow New York,26, FW,9(4),691,4,-,1.5,0.5,0.2,0.3,0.2,0.8,1.3
398,6.49,Mathieu Deplagne FC Cincinnati,30, D(CLR),33,2878,1,1,0.7,0.3,0.5,0.8,0.1,0.5,0.9
399,6.48,Rece Buckmaster New York,25, D(R),7,660,-,-,0.3,1,-,1.1,-,0.3,0.9
400,6.48,Lucas Venuto Vancouver,26, AM(R),12(10),1134,3,1,0.6,0.8,1.4,1.0,0.1,1.6,1.2
401,6.48,Gianluca Busio Kansas City,19, M(C),10(12),926,3,1,1.2,0.6,0.3,0.8,-,0.6,1.3
402,6.47,Will Bruin Seattle,32, FW,4(5),429,2,1,0.9,0.1,-,0.9,0.9,1,1.4
403,6.47,Jordan Hamilton Toronto,25, FW,7(7),623,4,-,1.6,0.1,0.1,0.7,0.4,0.6,2
404,6.47,Ricardo Clark Columbus,38, M(C),4(3),361,-,-,0.9,0.4,0.4,1.0,-,0.6,1.4
405,6.47,Ethan Finlay Minnesota United,31, AM(R),23(11),1973,7,2,1.1,0.5,0.5,0.7,0.3,0.9,1.5
406,6.47,Jeff Larentowicz Atlanta United,38, D(C),18(12),1736,-,-,0.4,0.1,0.2,0.4,-,0.3,0.4
407,6.47,Luis Argudo Columbus,25, AM(LR),10(11),1064,1,3,0.9,0.5,1.3,0.7,-,1.2,1.3
408,6.47,Tim Howard Colorado,42, GK,25,2162,-,-,-,-,-,0.1,-,-,-
409,6.47,Kenneth Kronholm Chicago,36, GK,20,1800,-,-,-,-,0.2,0.1,-,-,0.2
410,6.47,Renzo Zambrano Portland,27, DMC,9(1),786,-,-,0.7,0.6,0.7,1.5,-,0.8,1.4
411,6.47,Tim Parker New York,28, D(CR),27(5),2508,1,-,0.5,0.1,0.1,0.4,-,0.2,0.5
412,6.46,Alex Bono Toronto,27, GK,6(1),556,-,-,-,-,-,0.1,-,-,0.3
413,6.46,Andreas Ivan New York,26, Forward,5(7),486,1,2,1.8,0.4,0.5,0.6,0.3,0.4,1.4
414,6.46,Nick Besler Salt Lake,28, D(C),7(10),728,1,1,0.2,0.4,0.1,0.7,-,0.3,0.5
415,6.46,Fabian Herbers Chicago,28, AM(CR),7(10),775,3,1,1.1,0.7,0.3,0.6,-,0.5,1.1
416,6.46,Handwalla Bwana Seattle,24, AM(LR),6(9),569,1,1,0.7,0.5,1.3,0.3,0.2,1.3,1.0
417,6.46,Kekuta Manneh FC Cincinnati,26, AM(CLR),15(12),1500,4,3,1.1,0.9,1.2,1.4,0.2,1.1,1.4
418,6.46,Paul Marie San Jose,26, D(LR),3(6),345,-,1,0.7,0.6,0.7,1.1,0.1,0.4,0.3
419,6.45,John Nelson FC Dallas,23, D(L),4(5),451,-,-,0.2,0.8,0.8,0.2,-,0.3,0.2
420,6.45,Julio Cascante Portland,28, D(C),16(6),1441,-,1,0.5,0.1,0.2,0.2,-,0.1,0.3
421,6.45,Russell Teibert Vancouver,28, M(CLR),26(1),2204,-,3,0.3,0.5,0.3,0.5,0.1,0.4,0.9
422,6.45,Cole Bassett Colorado,20, M(C),14(6),1064,2,1,0.7,0.6,0.6,0.4,-,0.9,0.8
423,6.45,Andreu Fontàs Kansas City,32, D(C),10(3),964,-,-,0.2,0.2,0.2,0.4,-,0.2,0.2
424,6.45,Andrés Flores Portland,31, M(CR),9(6),779,-,1,0.7,0.4,0.3,0.4,-,0.6,0.8
425,6.45,Danny Leyva Seattle,18, DMC,4(2),413,-,-,0.7,0.3,0.3,1,-,0.7,0.8
426,6.45,Lawrence Olum Minnesota United,37, D(C),5(5),543,-,1,0.2,0.4,0.3,0.2,-,0.3,0.4
427,6.45,Jonathan Campbell Seattle,28, D(C),4,360,-,-,-,-,-,-,-,0.3,0.8
428,6.45,Joshua Pérez Los Angeles FC,23, Forward,4(9),454,1,1,0.9,0.5,0.4,0.5,0.2,0.5,1.5
429,6.45,Miguel Ibarra Minnesota United,31, M(LR),16(6),1505,1,1,1,0.8,0.2,0.5,0.1,0.4,1.1
430,6.44,Mohammed Adams Chicago,25, DMC,5(5),485,-,1,0.1,0.7,0.1,0.8,-,0.4,0.8
431,6.44,Giancarlo González L.A. Galaxy,33, D(C),17(5),1593,1,-,0.4,0.1,0.1,0.2,-,0.1,0.2
432,6.44,Matt Besler Kansas City,34, D(C),25(2),2115,-,-,0.1,0.2,0.1,0.4,-,-,0.3
433,6.44,Pablo Aránguiz FC Dallas,24, AM(CL),7(4),562,-,-,1.0,0.6,0.6,1.4,0.2,0.8,0.7
434,6.44,Hector Jimenez Columbus,33, D(LR),19(4),1626,1,2,0.3,0.7,0.1,0.1,-,0.4,0.9
435,6.44,Dion Pereira Atlanta United,22, AM(L),7(11),659,-,1,0.2,0.5,1.2,0.4,0.1,0.6,0.7
436,6.44,Derek Cornelius Vancouver,23, D(C),16(1),1427,1,-,0.3,0.2,0.1,0.3,0.1,0.1,0.4
437,6.44,Victor Ulloa FC Cincinnati,29, D(R),22(4),1946,1,1,0.3,1.0,0.4,0.3,-,0.6,1.0
438,6.44,Danny Hoesen San Jose,30, AM(LR),12(18),1466,5,3,2.0,0.8,0.5,0.4,0.6,0.7,1.7
439,6.43,DaMarcus Beasley Houston,39, D(L),12,1032,-,2,0.3,0.8,0.6,1.3,0.2,0.5,1.0
440,6.43,Micheal Azira Chicago,34, DMC,2(2),216,-,-,0.8,0.3,0.5,0.5,-,0.5,0.8
441,6.43,Emerson Hyndman Atlanta United,25, M(CL),11(6),1066,1,1,0.9,0.8,0.5,0.3,0.1,0.5,1.0
442,6.43,Brooks Lennon Salt Lake,24, D(R),16(12),1539,-,1,0.4,0.7,0.6,0.3,-,0.7,1.3
443,6.43,David Ousted Chicago,36, GK,14,1260,-,-,-,-,0.1,0.1,-,-,0.1
444,6.43,David Accam Columbus,31, AM(LR),8(7),665,2,1,0.9,0.5,1.3,0.6,0.3,0.5,1.3
445,6.43,Zarek Valentin Portland,30, D(LR),17(4),1624,-,-,0.1,0.6,0.2,0.2,-,0.3,0.4
446,6.43,Seth Sinovic Kansas City,34, D(L),21(1),1911,-,1,0.5,0.3,0.5,0.5,-,0.2,0.9
447,6.42,José Bizama Houston,27, D(R),4(1),354,-,-,0.4,-,1.6,1.4,0.2,0.4,0.4
448,6.42,Theo Bair Vancouver,22, AM(R),10(7),824,2,2,0.7,0.5,0.4,0.2,0.3,0.4,1.6
449,6.42,Nouhou Tolo Seattle,24, D(CL),9(15),826,-,-,0.3,0.2,0.5,0.8,-,0.4,0.4
450,6.42,Brenden Aaronson Philadelphia,21, AM(CL),27(3),1850,3,1,1.2,0.8,0.7,1.2,-,1.3,2.2
451,6.41,Mark McKenzie Philadelphia,22, D(C),8(1),747,-,-,0.3,-,0.2,0.8,-,0.1,0.3
452,6.41,Kyle Smith Orlando City,29, D(LR),15(8),1384,-,-,0.3,0.1,0.5,0.2,-,0.4,0.8
453,6.41,Erickson Gallardo Toronto,25, AM(R),4(1),244,-,1,0.6,0.8,0.6,0.2,0.4,0.4,1.8
454,6.41,Marcus Epps New York,26, AM(R),1(2),109,-,-,0.7,-,1.3,0.7,-,0.7,2.0
455,6.41,Vincent Bezecourt New York,28, M(C),7(1),453,-,-,1.4,0.6,0.6,0.6,0.1,1.1,1.1
456,6.41,Sam Vines Colorado,22, D(L),23(3),2149,-,-,0.2,0.2,0.5,0.4,0.1,0.2,0.6
457,6.41,Evan Bush Montreal,35, GK,32,2880,-,-,-,-,-,0.1,-,-,0.1
458,6.41,Robin Jansson Orlando City,30, D(C),28,2422,-,-,0.4,-,-,0.4,-,0.1,0.3
459,6.41,Nicolas Hasler Kansas City,30, D(R),7(2),635,-,-,0.2,0.7,1,0.6,0.1,0.1,0.2
460,6.41,Derrick Etienne New York,24, AM(LR),5(6),466,1,1,0.9,0.2,0.5,0.9,0.1,0.7,1.1
461,6.41,Anthony Jackson-Hamel Montreal,28, FW,6(10),619,3,-,1,0.3,0.3,0.6,0.1,0.6,0.8
462,6.41,Micheal Azira Montreal,34, DMC,16(3),1443,-,1,0.4,0.6,0.3,0.7,-,0.6,0.9
463,6.4,Niko Hämäläinen Los Angeles FC,24, D(L),1(2),95,-,1,-,0.3,0.3,-,-,0.3,0.7
464,6.4,Erik Hurtado Kansas City,31, AM(R),8(5),816,2,-,1.5,0.5,0.8,0.9,0.4,1.2,2.8
465,6.4,Collin Martin Minnesota United,27, M(C),2(1),184,-,1,0.3,1,0.3,0.7,-,0.3,0.3
466,6.4,Marcelo Chicago,32, D(C),12(4),1147,-,-,0.3,-,-,0.4,-,0.1,0.4
467,6.4,Kelyn Rowe Salt Lake,29, D(L),2(3),181,-,-,0.6,-,0.8,0.6,-,0.8,1.6
468,6.4,Shamit Shome Montreal,24, DMC,18(9),1627,1,1,0.3,0.4,0.4,0.7,0.1,0.7,1.2
469,6.4,David Guzmán Columbus,31, DMC,13(3),1140,-,-,1,0.5,0.5,1.1,-,0.6,0.9
470,6.39,Clément Bayiha Montreal,22, AM(R),4(7),470,-,1,0.2,0.5,1.2,0.4,0.1,1,1.5
471,6.39,Dairon Asprilla Portland,29, AM(LR),9(6),658,3,-,1.5,0.4,1.1,0.3,0.4,0.9,1.7
472,6.38,Andrés Ríos San Jose,32, AM(C),1(9),263,1,-,0.4,0.9,0.6,1.7,-,0.8,0.8
473,6.38,Christopher McCann DC United,34, D(CL),4(2),321,-,-,0.3,-,0.5,0.2,0.2,0.2,0.5
474,6.38,Juan Fernando Caicedo New England,32, FW,13(15),1081,5,2,1.0,0.4,0.4,0.8,0.3,0.4,1.4
475,6.38,Darwin Cerén Houston,31, M(C),5(8),530,1,-,0.3,0.5,0.5,0.8,-,0.5,0.5
476,6.38,Thomas Roberts FC Dallas,20, Midfielder,3(3),237,-,-,0.5,0.5,0.5,0.3,-,1,1.2
477,6.38,Jukka Raitala Montreal,33, D(CLR),23(3),2083,-,-,0.2,0.2,-,0.6,-,-,0.2
478,6.38,Josué Colmán Orlando City,23, AM(R),1(7),154,-,1,0.5,1.1,0.6,0.1,0.1,0.8,0.8
479,6.38,Kevin Garcia Houston,31, D(CR),8(4),812,-,-,0.1,0.2,0.3,0.3,-,0.3,0.2
480,6.38,Robinho Orlando City,26, AM(LR),3(3),208,-,-,1,0.3,1.5,0.2,-,0.8,1.7
481,6.37,Xavier Arreaga Seattle,27, D(C),13(4),1251,-,-,0.4,0.1,0.2,0.6,0.1,0.1,0.2
482,6.37,Scott Caldwell New England,30, DMC,13(8),1172,-,-,0.2,0.4,0.1,1.0,-,0.6,0.5
483,6.37,Diego Palacios Los Angeles FC,22, D(L),1(1),92,-,-,-,-,-,0.5,-,-,1.0
484,6.37,Mathieu Choinière Montreal,22, M(LR),6(11),681,-,1,0.4,0.4,0.7,1.0,0.1,0.7,1.2
485,6.37,Omir Fernandez New York,22, AM(L),3(15),568,2,1,0.7,0.5,0.3,1.1,-,0.4,1.1
486,6.37,Deklan Wynne Colorado,26, D(CL),11,917,-,-,-,0.3,0.1,0.2,0.1,0.2,0.2
487,6.36,Drew Moor Toronto,37, D(CLR),11(3),1050,-,-,0.1,0.1,0.1,0.3,0.1,0.1,0.4
488,6.36,David Guzmán Portland,31, DMC,4(1),350,-,1,1,1,0.2,0.6,-,0.6,1.4
489,6.36,Jay Chapman Toronto,27, M(CLR),5(12),524,2,2,0.4,0.5,0.5,0.1,-,0.3,1.0
490,6.36,Javier Pérez Los Angeles FC,25, Midfielder,0(1),12,-,-,1,1,-,-,-,-,-
491,6.36,Jeremiah Gutjahr Chicago,24, D(L),5(3),503,-,1,0.1,0.5,0.3,0.6,-,0.6,0.9
492,6.36,Romario Williams Columbus,27, Forward,1(6),123,1,-,0.7,0.3,0.6,0.9,0.1,0.7,1.1
493,6.35,Andy Rose Vancouver,31, D(C),20(4),1838,1,1,0.6,0.2,0.2,0.4,-,0.2,0.5
494,6.35,Jacori Hayes FC Dallas,26, M(C),8(12),874,-,2,0.4,0.4,0.6,1.6,-,0.7,0.7
495,6.35,Chris Odoi-Atsem DC United,26, D(R),1(2),134,-,-,-,-,0.3,0.3,-,-,0.7
496,6.35,Jesús Medina New York City FC,24, AM(CR),6(12),727,3,1,0.9,0.7,0.2,0.7,0.1,1.3,1.5
497,6.34,Tosaint Ricketts Vancouver,34, FW,6(2),483,1,1,1.3,0.6,0.1,0.1,0.1,0.8,1.9
498,6.34,Diego Fagundez New England,26, M(CLR),13(13),1186,2,3,0.8,0.8,0.4,0.1,0.1,0.3,1
499,6.34,Victor Giro Vancouver,27, D(L),9(9),817,-,1,0.4,0.4,0.2,0.7,0.1,0.3,0.7
500,6.34,Danilo Acosta Orlando City,24, D(L),8,670,-,-,0.1,0.1,0.6,0.5,-,1.1,1.3
501,6.33,Jorge Corrales Montreal,30, D(L),1(3),99,-,1,-,0.5,0.3,0.5,-,0.3,-
502,6.33,Francois Affolter San Jose,30, D(C),1,90,-,-,-,-,-,-,-,-,-
503,6.33,Kelyn Rowe Kansas City,29, D(L),7(7),691,-,1,1.4,0.6,0.5,0.8,-,0.6,1.1
504,6.33,Tony Rocha New York City FC,28, DMC,9(8),872,-,-,0.1,0.2,-,0.8,-,0.3,0.9
505,6.33,Emmanuel Boateng L.A. Galaxy,27, AM(CLR),7(14),882,1,-,0.7,0.8,0.4,0.1,0.2,0.6,1.1
506,6.33,Aljaz Struna Houston,31, D(CR),29,2610,-,1,0.1,0.2,0.1,0.3,-,0.1,0.1
507,6.32,Santiago Patiño Orlando City,24, Forward,3(8),322,2,1,1.1,0.3,0.3,0.8,-,0.8,1.1
508,6.32,Andre Blake Philadelphia,30, GK,28,2514,-,-,-,-,-,0.2,-,-,-
509,6.32,Eduardo Sosa Columbus,25, AM(C),4(4),324,-,-,0.9,0.5,1.3,1,-,0.6,1.1
510,6.32,Sebastien Ibeagha New York City FC,29, D(C),11(12),1112,-,-,0.1,-,0.2,0.3,-,0.1,0.3
511,6.31,Fanendo Adi FC Cincinnati,31, FW,7(5),696,1,-,1.7,0.3,0.3,1.1,1.1,0.7,2.8
512,6.31,Álex Roldan Seattle,25, D(R),5(4),442,-,-,0.4,0.2,0.1,0.7,-,0.4,1.1
513,6.31,Felipe Vancouver,31, M(C),13(5),1142,1,-,0.6,0.8,0.2,0.9,-,0.7,0.4
514,6.3,Jalen Robinson DC United,27, D(CR),5(5),413,-,-,0.1,0.1,0.2,0.3,-,0.3,0.3
515,6.3,Cristian Martínez Chicago,24, AM(LR),0(5),50,-,-,0.6,0.2,0.8,0.4,-,-,0.8
516,6.3,Dániel Sallói Kansas City,25, AM(L),16(12),1543,1,1,1.8,0.7,0.3,0.8,0.1,0.6,1.6
517,6.3,Alex Crognale Columbus,27, D(C),9(3),881,-,-,0.3,0.1,-,0.7,-,0.2,0.2
518,6.3,Tomás Conechny Portland,23, AM(L),2(14),348,1,2,0.6,0.4,0.4,0.3,-,0.6,0.8
519,6.3,Andy Polo Portland,27, M(CLR),13(7),1137,-,1,0.8,0.8,0.5,0.3,0.1,0.9,0.8
520,6.3,Abdul Rwatubyaye Kansas City,25, Defender,1(1),166,-,-,1.0,-,-,-,-,-,1.0
521,6.29,Mohammed Adams Atlanta United,25, DMC,1(5),99,1,-,0.3,0.2,0.2,-,-,0.2,0.2
522,6.29,Matt Real Philadelphia,22, D(L),1(2),67,-,1,0.3,1,-,0.3,-,0.3,0.7
523,6.29,Diego Campos Chicago,26, D(R),5(5),440,-,-,0.3,0.3,0.1,0.1,0.1,-,0.1
524,6.29,Peter-Lee Vassell Los Angeles FC,23, Midfielder,2(4),178,-,-,0.8,0.8,0.3,-,-,0.5,1.3
525,6.28,Andrew Wooten Philadelphia,32, AM(R),5(4),422,-,-,0.7,0.3,0.7,0.4,-,0.6,0.8
526,6.28,Tommy McNamara Houston,30, M(CLR),15(18),1531,2,3,0.5,0.6,0.2,0.7,0.1,0.4,0.7
527,6.28,Anthony Fontana Philadelphia,22, AM(C),0(8),120,1,-,0.4,-,0.1,0.3,-,0.1,0.3
528,6.28,Henry Wingo Seattle,26, D(R),2(4),200,-,-,0.5,0.5,0.8,-,-,1.2,0.5
529,6.28,Abu Danladi Minnesota United,26, AM(R),4(21),718,2,2,0.9,0.4,0.3,0.2,0.2,0.5,1.8
530,6.28,Eriq Zavaleta Toronto,29, D(C),11(5),1016,-,-,0.3,0.1,-,0.1,-,0.1,0.3
531,6.27,Fatai Alashe FC Cincinnati,28, D(C),4(7),434,1,-,0.7,0.2,0.2,0.6,-,0.4,1
532,6.27,Bradley Wright-Phillips New York,36, FW,9(16),1135,2,1,1.4,0.5,0.3,0.9,0.6,0.9,1.8
533,6.26,Dillon Serna Colorado,27, D(L),6(8),581,-,-,0.6,0.5,0.4,0.3,0.1,0.3,0.7
534,6.26,Akeem Ward DC United,25, Defender,1,48,-,-,-,-,-,-,-,-,-
535,6.26,Brendan McDonough Vancouver,24, Defender,1,66,-,-,-,-,-,1,-,-,-
536,6.26,Thomás Chacón Minnesota United,21, Midfielder,1(1),85,-,-,1,1,-,1.5,-,0.5,0.5
537,6.26,Eric Miller New York City FC,28, D(CLR),4(1),329,-,-,0.4,-,0.2,0.6,-,0.4,0.4
538,6.26,Saad Abdul-Salaam Seattle,30, D(R),11(7),1062,-,-,0.1,0.4,0.4,0.4,0.1,0.4,0.8
539,6.25,Juan Cabezas Houston,30, DMC,5(10),533,1,-,0.2,0.1,0.1,0.4,-,0.5,0.5
540,6.25,Ayo Akinola Toronto,21, FW,2(6),253,1,-,1,0.4,0.4,0.5,0.4,0.8,0.8
541,6.25,Justin Dhillon Seattle,26, Forward,3(2),265,-,-,1.4,0.8,-,0.4,1.2,1,1.4
542,6.25,Efraín Álvarez L.A. Galaxy,19, AM(CR),4(10),520,-,3,0.9,0.9,0.5,0.4,-,0.8,0.7
543,6.25,Lass Bangoura Vancouver,29, M(LR),7(10),635,1,1,0.6,0.4,0.8,0.5,0.2,1.1,1
544,6.25,Andrew Gutman FC Cincinnati,25, D(CL),5(3),483,-,1,0.4,0.4,0.8,0.9,-,0.1,1.1
545,6.24,Jonathan Lewis New York City FC,24, AM(LR),2(4),215,-,1,0.2,0.5,0.8,0.3,0.5,0.7,1.8
546,6.24,Emanuel Cecchini Seattle,24, DMC,1(3),155,-,-,0.5,0.3,1.3,0.3,-,0.8,0.5
547,6.24,Brett Levis Vancouver,28, D(L),3(6),334,-,-,0.1,0.6,0.3,0.6,-,0.7,0.8
548,6.24,Przemyslaw Tyton FC Cincinnati,34, GK,15,1350,-,-,-,-,-,0.1,-,-,-
549,6.24,Justin Meram Columbus,32, M(CLR),4(5),380,-,-,0.7,0.3,0.8,0.4,0.4,0.9,1.8
550,6.24,Brad Knighton New England,36, GK,7(1),662,-,-,-,-,-,0.3,-,-,-
551,6.23,Gedion Zelalem Kansas City,24, M(C),5(4),436,-,-,0.3,0.6,0.4,0.1,-,0.4,0.7
552,6.23,Eryk Williamson Portland,24, DMC,3(4),234,-,-,0.6,-,0.6,0.4,-,0.6,0.6
553,6.23,Shaft Brewer Los Angeles FC,22, Forward,1,90,-,-,1,-,-,1.0,-,1,2
554,6.23,Luis Martins Kansas City,29, D(L),9(1),829,-,-,0.6,0.4,0.4,0.7,-,0.8,1.2
555,6.23,Joao Plata Salt Lake,29, AM(L),2(17),335,1,-,0.7,0.3,0.5,0.3,0.1,0.4,0.7
556,6.22,Luis Felipe Fernandes San Jose,25, DMC,0(3),39,-,-,-,-,-,0.3,-,-,0.3
557,6.22,J.J. Williams Columbus,23, Forward,3(4),325,-,-,1,0.4,0.4,0.7,0.3,0.3,2.6
558,6.22,Gilbert Fuentes San Jose,19, Midfielder,0(1),2,-,-,-,-,1,1.0,-,-,-
559,6.22,Joseph-Claude Gyau FC Cincinnati,29, D(R),5(3),461,-,-,1.5,0.4,1.3,1.3,0.1,1,1.8
560,6.22,Adrien Perez Los Angeles FC,26, Forward,1(12),220,1,-,0.7,0.4,0.5,-,0.2,0.3,0.9
561,6.22,Sebastian Anderson Colorado,19, Defender,5(1),318,1,-,0.3,0.7,0.2,0.3,-,0.3,1.2
562,6.21,Derrick Etienne FC Cincinnati,24, AM(LR),2(3),219,-,-,0.6,0.2,0.8,1.8,0.2,0.4,1.2
563,6.2,Zoltán Stieber DC United,33, AM(CLR),3(6),301,-,-,0.3,0.7,0.1,-,0.3,0.7,1.1
564,6.2,Warren Creavalle Philadelphia,31, D(R),5(9),377,-,1,0.1,0.4,0.2,0.6,0.1,0.3,0.7
565,6.2,Luke Mulholland Salt Lake,33, DMC,0(1),19,-,-,-,-,-,-,-,-,-
566,6.2,André Horta Los Angeles FC,25, M(C),2(2),184,-,-,1,0.5,0.5,0.3,-,1,1
567,6.2,Quincy Amarikwa DC United,34, FW,3(20),414,1,-,0.6,0.3,0.4,0.4,0.3,0.6,0.9
568,6.19,Romario Williams Atlanta United,27, Forward,0(2),37,-,-,1,0.5,-,-,-,1,1.5
569,6.19,Caleb Stanko FC Cincinnati,28, DMC,16(7),1438,-,-,0.2,0.3,0.4,0.8,-,0.4,0.9
570,6.19,Grant Lillard Chicago,25, D(C),2(2),206,-,-,0.3,-,-,0.5,-,-,0.3
571,6.18,Jimmy Medranda Kansas City,27, D(L),2(8),177,-,1,0.8,0.3,0.1,0.3,-,0.3,0.4
572,6.18,Alfonso Ocampo-Chavez Seattle,19, Forward,1(2),82,-,-,0.3,0.7,0.3,0.7,-,-,1
573,6.18,Corben Bone FC Cincinnati,33, Midfielder,2(4),187,-,-,-,0.7,0.3,-,0.3,0.2,0.8
574,6.18,Marlon Hairston Houston,27, D(R),5(7),413,-,-,0.5,0.4,0.1,0.9,0.3,0.3,0.8
575,6.18,Ken Krolicki Montreal,25, M(C),5(5),524,-,-,0.2,0.1,0.1,0.7,-,0.3,0.6
576,6.18,Niko Hansen Columbus,27, AM(R),2(7),246,-,-,-,0.4,0.6,0.2,-,0.3,0.9
577,6.16,Ricardo Pepi FC Dallas,18, FW,0(7),71,-,-,0.3,0.6,-,0.1,0.4,0.1,0.7
578,6.16,Tyler Deric Houston,33, GK,7,630,-,-,-,-,-,0.3,-,-,-
579,6.15,Luis Silva Seattle,32, AM(C),2(4),207,-,-,2,0.2,0.2,0.2,0.2,0.3,0.7
580,6.15,Carlos Fierro San Jose,27, AM(L),2(5),225,-,-,1,0.3,0.1,1,0.3,0.9,0.6
581,6.15,Thomas McCabe FC Cincinnati,23, Midfielder,2(4),244,-,-,0.2,-,0.2,-,-,0.2,0.3
582,6.15,Nicolas Hasler Chicago,30, D(R),1(2),73,-,-,0.3,0.3,-,0.7,-,-,1
583,6.15,Rashawn Dally FC Cincinnati,24, FW,8(4),548,1,-,0.8,0.2,0.5,0.1,0.3,1.5,2.1
584,6.14,Daniel Kinumbe Montreal,22, Defender,1,67,-,-,-,-,-,1,-,-,1
585,6.14,Douglas Martínez Salt Lake,24, FW,1,64,-,-,1,-,-,1,-,2,4
586,6.13,Emil Cuello L.A. Galaxy,24, Midfielder,2(7),189,-,1,0.2,0.2,0.2,0.1,-,0.9,1.2
587,6.13,Siad Haji San Jose,21, Midfielder,0(4),41,-,-,-,-,1,0.3,-,0.3,-
588,6.13,Terrence Boyd Toronto,30, FW,3(8),339,-,-,0.4,-,0.1,0.5,0.1,0.8,1.2
589,6.13,Griffin Yow DC United,19, M(R),1(1),59,-,-,-,-,-,-,-,0.5,2
590,6.12,Servando Carrasco L.A. Galaxy,33, DMC,3(14),389,-,-,-,0.1,-,-,-,0.3,0.2
591,6.11,Eric Alexander FC Cincinnati,33, M(CLR),4(2),313,-,1,-,0.5,0.5,-,-,0.3,1.2
592,6.11,Michael Salazar Houston,29, AM(R),1(6),155,-,-,0.1,0.1,0.3,0.1,-,0.7,0.9
593,6.1,Kofi Opare Colorado,31, D(C),3,270,-,-,0.7,-,-,0.3,-,-,0.7
594,6.1,Amando Moreno Chicago,26, Midfielder,0(7),77,-,-,0.9,0.3,0.3,-,0.3,-,0.7
595,6.1,Tajon Buchanan New England,22, D(R),4(6),392,-,2,1.1,0.2,0.3,0.9,-,0.6,1.2
596,6.1,Joe Bendik Columbus,32, GK,6,540,-,-,-,-,-,0.3,-,-,-
597,6.09,Axel Sjöberg Colorado,30, D(C),5(2),435,-,-,0.7,-,0.1,0.4,-,-,0.1
598,6.09,Chris Seitz DC United,34, GK,1,90,-,-,-,-,-,-,-,-,-
599,6.09,Nazmi Albadawi FC Cincinnati,30, Midfielder,0(1),9,-,-,-,-,-,1,-,-,-
600,6.09,Joaquín Ardáiz Vancouver,22, Forward,3(13),405,-,-,0.8,0.2,0.3,0.3,-,0.6,0.7
601,6.09,Lucas Melano Portland,28, AM(LR),1(7),121,-,-,0.3,0.1,0.8,0.3,0.1,-,0.9
602,6.08,Tate Schmitt Salt Lake,24, Forward,1(5),92,-,-,-,-,-,0.5,-,0.7,0.5
603,6.08,Jordan Hamilton Columbus,25, FW,0(4),57,-,-,0.3,-,0.3,-,0.5,0.5,0.5
604,6.08,Justin Portillo Salt Lake,29, DMC,2(2),195,-,-,0.3,-,0.8,0.5,-,-,0.3
605,6.08,Derrick Jones Philadelphia,24, M(C),0(2),57,-,-,-,-,-,1.5,-,-,-
606,6.07,Andrew Carleton Atlanta United,21, Midfielder,0(3),64,-,-,0.3,0.3,0.3,0.3,-,0.7,1.3
607,6.07,Bryan Reynolds FC Dallas,20, D(R),1(9),113,-,1,0.1,0.2,-,0.3,-,0.1,0.2
608,6.07,Luis Arriaga Salt Lake,20, Midfielder,0(2),4,-,-,-,-,-,-,-,-,-
609,6.07,Niki Jackson Colorado,26, Forward,0(4),36,-,-,0.5,-,-,-,0.3,-,0.3
610,6.06,Lalas Abubakar Columbus,26, D(C),1,90,-,-,2,-,-,-,-,1,-
611,6.06,Justin Hoyte FC Cincinnati,36, D(CR),16(1),1477,-,-,0.2,0.3,0.2,0.1,-,0.2,0.3
612,6.05,Niko Hansen Houston,27, AM(R),0(4),33,-,-,0.3,-,0.3,0.3,-,0.5,1
613,6.05,Matt Lampson L.A. Galaxy,32, GK,1,90,-,-,-,-,-,-,-,-,-
614,6.05,Patrick Mullins Columbus,29, FW,2(7),197,-,-,0.6,0.2,0.2,0.4,0.3,0.2,1.2
615,6.05,Ashtone Morgan Toronto,30, D(L),3(6),310,1,-,0.1,-,-,0.3,-,0.4,0.8
616,6.04,Georges Mukumbilwa Vancouver,22, Midfielder,0(1),9,-,-,-,-,-,-,-,-,1
617,6.03,Edwin Gyasi FC Dallas,30, AM(R),1(3),82,-,-,0.5,0.3,0.3,0.8,0.3,1,0.8
618,6.03,Shandon Hopeau Seattle,22, Forward,0(1),32,-,-,-,-,-,1,-,-,1
619,6.03,Emmanuel Boateng DC United,27, AM(CLR),0(4),84,-,-,-,0.5,-,-,-,0.5,1
620,6.02,Justin Haak New York City FC,20, Midfielder,0(3),6,-,-,-,-,-,-,-,-,-
621,6.02,Ballou Tabla Montreal,22, AM(L),1(3),127,-,-,0.5,0.5,0.5,-,-,1,0.5
622,6.01,Eric Calvillo San Jose,23, Midfielder,1(1),74,-,-,-,-,-,0.5,-,1,-
623,6.01,Juninho Pereira L.A. Galaxy,32, DMC,0(2),8,-,-,-,0.5,-,-,-,-,-
624,6.0,Daniel Bedoya New York City FC,27, Midfielder,0(1),1,-,-,-,-,-,-,-,-,-
625,6.0,Juan Pablo Torres New York City FC,22, Midfielder,0(1),1,-,-,-,-,-,-,-,-,-
626,6.0,Kevin Kratz Atlanta United,34, M(C),0(1),1,-,-,-,-,-,-,-,-,-
627,6.0,Kevin Partida San Jose,26, Midfielder,0(1),1,-,-,-,-,-,-,-,-,1
628,5.97,Justin Rennicks New England,22, Forward,1(1),106,-,-,1.5,0.5,0.5,0.5,-,4,1.5
629,5.96,Amar Sejdic Montreal,24, AM(C),1,68,-,-,-,1,-,1,-,-,2
630,5.96,Foster Langsdorf Portland,25, Forward,0(2),25,-,-,-,-,-,-,-,-,1
631,5.95,Mathias Jørgensen New York,21, Forward,1(4),117,-,-,0.8,-,-,0.2,0.2,0.4,1.2
632,5.95,Ethan Zubak L.A. Galaxy,23, FW,0(3),41,-,-,1,0.3,-,-,-,0.7,1
633,5.95,Brian Wright New England,26, Forward,0(2),10,-,-,-,-,-,0.5,-,-,-
634,5.91,Jon Kempin Columbus,28, GK,3,270,-,-,-,-,-,-,-,-,-
635,5.89,Ema Twumasi FC Dallas,24, D(R),0(2),27,-,-,0.5,-,-,-,-,1.5,1
636,5.88,Johan Blomberg Colorado,34, DMC,1(2),88,-,-,0.7,0.3,0.3,-,-,-,0.7
637,5.88,Griffin Dorsey Toronto,22, AM(R),0(1),3,-,-,-,-,-,-,-,-,-
638,5.87,Michee Ngalina Philadelphia,21, Forward,0(1),9,-,-,-,-,-,-,1,-,-
639,5.84,Carter Manley Minnesota United,25, D(R),1,90,-,-,-,-,1,1,-,1,3
640,5.84,Ronaldo Peña Houston,24, FW,2(2),159,-,-,0.5,0.3,-,1,0.3,0.8,1.3
641,5.77,Rodney Wallace Kansas City,33, D(L),1,27,-,-,-,-,-,1,-,-,1
642,5.6,Felipe Hernandez Kansas City,23, M(C),1(1),95,-,-,0.5,-,-,1,-,1,0.5
643,5.58,Fabinho Philadelphia,36, D(L),1,90,-,-,2,-,-,1,-,2,-
644,5.25,Jaylin Lindsey Kansas City,21, D(LR),1,90,-,-,-,-,-,-,-,-,1
645,5.08,Eric Dick Kansas City,27, Goalkeeper,1,90,-,-,-,-,-,-,-,-,-
