,name,age,position1,position2,Apps,Mins,Tackles,Inter,Fouls,Offsides,Clear,Drb,Blocks,OwnG,Rating
0,Nick Marsman Feyenoord,31, GK,,2,180,-,-,0.5,-,0.5,-,-,-,8.19
1,Hakim Ziyech Ajax,28, M(CLR),,21,1619,1.8,0.5,0.8,-,-,1.1,-,-,8.19
2,Zakaria Labyad Ajax,28, AM(CLR),FW,2,149,3.5,0.5,1.5,-,-,-,-,-,8.05
3,Steven Berghuis Feyenoord,29, AM(CR),FW,24,2109,1.4,0.2,0.3,-,0.1,0.9,-,-,7.8
4,Dusan Tadic Ajax,32, AM(CLR),FW,25,2172,0.7,0.3,0.7,-,0.4,0.8,0.1,-,7.72
5,Oussama Idrissi AZ Alkmaar,25, AM(LR),,25,1980,1.2,0.1,1.2,0.1,-,1.6,-,-,7.7
6,Luis Sinisterra Feyenoord,22, AM(L),FW,21,1627,1.9,0.7,1.0,-,1.1,1,0.1,-,7.6
7,Donyell Malen PSV Eindhoven,22, AM(L),FW,14,1191,0.3,0.1,0.6,-,0.5,0.4,0.1,-,7.59
8,Fredrik Midtsjø AZ Alkmaar,28, M(CR),,22(1),1926,1.6,2.1,1.0,-,0.7,1.7,0.3,-,7.56
9,Steven Bergwijn PSV Eindhoven,24, AM(CLR),FW,16,1336,0.5,0.3,0.7,-,0.3,0.4,0.1,-,7.52
10,Quincy Promes Ajax,29, M(CLR),FW,18(2),1500,0.6,0.5,0.5,-,0.2,0.7,0.1,-,7.52
11,Gyrano Kerk FC Utrecht,25, AM(LR),FW,24,2070,1.2,0.3,0.9,-,0.2,0.8,-,-,7.45
12,Teun Koopmeiners AZ Alkmaar,23, D(C),DMC,25,2217,2.1,1.0,1.1,0.2,2.1,1.5,0.2,1,7.43
13,Joël Veltman Ajax,29, D(CR),M(R),19,1651,3.2,1.2,0.9,0.4,3.3,0.7,0.3,-,7.43
14,Lisandro Martínez Ajax,23, D(CL),DMC,24,2033,1.9,1.7,1.2,0.2,1.7,1.5,0.5,-,7.41
15,Donny van de Beek Ajax,24, M(C),,22(1),1916,2.0,0.7,0.6,-,0.5,0.6,0.2,-,7.41
16,Chidera Ejuke SC Heerenveen,23, AM(LR),FW,24(1),2062,1.0,0.6,0.3,-,0.1,0.7,-,-,7.4
17,Calvin Stengs AZ Alkmaar,22, AM(CR),,24(1),2158,1.0,0.3,0.9,-,0.2,1.8,-,-,7.38
18,Adam Maher FC Utrecht,28, M(CR),,22(1),1926,2.3,1.7,1.3,-,1.5,2.3,0.3,-,7.37
19,Bryan Linssen Vitesse,31, AM(CLR),FW,25,2128,1.8,0.7,1.9,0.1,0.6,1.3,0.1,-,7.36
20,Tyrell Malacia Feyenoord,22, D(L),,12,1080,3.3,1.6,1.3,0.4,2.6,0.6,0.1,-,7.35
21,Fernando Lewis Willem II,28, D(CR),M(L),3,270,3.3,2.0,1.0,-,4.3,0.7,0.7,-,7.35
22,Abdou Harroui Sparta Rotterdam,23, DMC,M(R),26,2148,3.0,0.7,1.8,-,0.5,1.2,0.2,-,7.33
23,Oussama Tannane Vitesse,27, AM(CLR),FW,16(1),1347,1.8,0.7,3.2,-,-,1.2,-,-,7.32
24,Kerim Frei FC Emmen,27, AM(LR),,4,316,0.5,0.5,0.5,-,0.3,1.3,-,-,7.32
25,Ridgeciano Haps Feyenoord,28, D(L),M(L),15(1),1340,2.8,1.6,1.1,-,1.3,0.1,-,-,7.31
26,Vyacheslav Karavaev Vitesse,26, D(LR),M(R),5,450,3.4,0.8,0.8,0.2,2.2,1.0,0.4,-,7.3
27,Nicolás Tagliafico Ajax,29, D(CL),,23(1),2054,2.5,1.7,1.5,0.2,2.1,1.5,0.3,-,7.3
28,Mohamed Ihattaren PSV Eindhoven,19, AM(CLR),,20(2),1783,1.0,0.3,0.7,-,0.3,0.9,-,-,7.28
29,Owen Wijndal AZ Alkmaar,21, D(L),,24,2107,2.0,1.4,1.1,0.1,1.6,0.8,0.4,-,7.28
30,Nikolai Laursen FC Emmen,23, AM(R),,16(2),1386,1.4,0.6,0.4,-,0.7,1.4,0.1,-,7.27
31,Sergio Peña FC Emmen,26, AM(CL),FW,22(1),1961,1.6,0.8,0.7,-,0.2,1.9,0.1,-,7.26
32,Denzel Dumfries PSV Eindhoven,25, D(R),M(R),25,2242,1.8,1.1,2.0,0.2,2,0.6,0.4,-,7.26
33,Thulani Serero Vitesse,31, DMC,,2(1),216,3.7,3.0,0.3,-,0.3,1.3,1.3,-,7.25
34,Vangelis Pavlidis Willem II,22, AM(L),FW,25,2178,0.8,0.2,1.1,-,0.7,0.5,0.1,-,7.25
35,Joel Latibeaudiere Twente,21, D(CR),M(R),5,441,4.0,0.8,1.6,0.6,2.8,1.6,0.4,-,7.23
36,Joey Veerman SC Heerenveen,22, M(CL),,20(2),1767,2.3,0.6,0.8,-,0.6,1.5,0.1,-,7.23
37,Halil Dervisoglu Sparta Rotterdam,21, FW,,15(2),1233,1.4,0.1,1.2,-,0.1,1.2,-,-,7.22
38,Mauro Júnior Heracles,22, M(CLR),,24(2),2160,1.9,0.6,1.0,-,0.2,1.4,0.1,-,7.21
39,David Neres Ajax,24, AM(CLR),,7(5),635,0.6,0.5,0.1,-,-,1.1,-,-,7.21
40,Jonas Svensson AZ Alkmaar,28, D(R),DMC,23,2023,2.3,1.0,1.4,-,2.0,1.2,-,-,7.2
41,Daley Blind Ajax,31, D(CL),DMC,19(1),1745,1.4,1.5,0.6,0.4,2.2,1.0,0.5,-,7.2
42,Myron Boadu AZ Alkmaar,20, FW,,24,2020,0.4,0.1,0.8,-,0.2,0.4,0.1,-,7.19
43,Deyovaisio Zeefuik FC Groningen,23, D(R),M(R),26,2296,3.0,1.4,1.3,0.2,1.8,1.0,0.7,-,7.17
44,Gustavo Hamer PEC Zwolle,24, D(R),M(C),25,2180,2.3,2.1,2.2,0.1,2.0,2.3,0.2,-,7.17
45,Orestis Kiomourtzoglou Heracles,23, DMC,,24,2116,2.5,2.7,1.0,-,1.9,1.1,0.6,-,7.17
46,Sven Botman SC Heerenveen,21, D(C),,26,2340,1.8,1.5,0.6,0.5,5.3,0.2,0.5,1,7.16
47,Mark Diemers Fortuna Sittard,28, M(CL),FW,26,2326,1.5,0.5,0.9,-,0.5,1.2,-,-,7.16
48,Aitor Cantalapiedra Twente,25, AM(R),,21,1824,1.1,0.4,1.3,-,0.6,1.0,0.1,-,7.13
49,Cody Gakpo PSV Eindhoven,22, AM(CL),FW,14(11),1458,0.8,0.6,0.5,-,0.6,0.6,-,-,7.13
50,Cyriel Dessers Heracles,26, FW,,26,2312,0.6,0.1,2.0,-,0.2,0.9,-,-,7.13
51,Mats Köhlert Willem II,23, AM(L),,26,2179,1.3,0.8,0.6,-,0.6,1.3,0.1,-,7.12
52,Mitchell van Bergen SC Heerenveen,22, AM(LR),FW,25,2238,0.7,0.6,0.3,-,0.2,0.6,0.1,-,7.12
53,Pol Llonch Willem II,29, DMC,,24,2097,4.6,2.1,2.2,-,1.1,2.5,0.8,-,7.12
54,Amadou Ciss Fortuna Sittard,22, AM(L),FW,22,1893,2.0,0.8,1.1,-,0.9,1.2,0.4,-,7.11
55,Max Clark Vitesse,25, D(L),M(L),22(1),1970,3.7,1,0.7,0.3,2.2,2.1,0.2,-,7.11
56,Simon Gustafson FC Utrecht,26, AM(C),,23,2050,1.4,0.5,0.7,-,0.7,0.9,0.3,-,7.11
57,Delano Burgzorg Heracles,23, AM(L),,5,422,1.2,-,1.8,-,0.6,0.2,-,-,7.11
58,Glenn Bijl FC Emmen,26, D(R),DMC,24,2151,2.6,2,1.4,0.1,1.6,1.4,0.3,-,7.09
59,Silvester van der Water Heracles,25, AM(R),,20(3),1652,2.1,0.3,0.6,-,0.2,0.9,-,-,7.09
60,Nicolai Jørgensen Feyenoord,30, FW,,11(2),978,0.8,0.3,1.0,0.1,0.8,0.5,0.2,-,7.09
61,Matús Bero Vitesse,26, M(CLR),,22,1867,3,1.9,1.6,-,1.1,2.6,0.3,-,7.08
62,Pablo Rosario PSV Eindhoven,24, DMC,,26,2256,2,1.1,1.3,-,1.3,1.7,0.4,-,7.07
63,Aaron Bastiaans VVV-Venlo,19, Forward,,0(1),16,-,-,1.0,-,-,-,-,-,7.07
64,Lucas Schoofs Heracles,24, DMC,,1,90,4,-,2.0,-,1,-,1,-,7.07
65,Marcos Senesi Feyenoord,24, D(C),,15(1),1395,2.4,1.8,0.5,0.4,3.6,1,0.9,-,7.07
66,Noa Lang Ajax,22, AM(LR),FW,2(3),210,1.8,-,0.4,-,-,0.2,-,-,7.06
67,Sean Klaiber FC Utrecht,27, D(R),M(CR),24,2145,2.6,1.6,1.4,0.1,2.7,1.5,0.2,-,7.06
68,Ryan Thomas PSV Eindhoven,26, M(CL),,10(1),800,1.5,1,0.7,-,0.9,0.8,0.3,-,7.05
69,Pelle Clement PEC Zwolle,25, M(CL),FW,24,2086,1.8,1,0.8,-,2.1,2,0.4,-,7.05
70,Ben Rienstra SC Heerenveen,31, D(C),M(C),1,74,3.0,-,-,-,-,1.0,-,-,7.04
71,Oussama Darfalou VVV-Venlo,28, FW,,8,720,1.9,0.3,0.8,-,1.1,0.9,0.3,-,7.04
72,Sam Lammers PSV Eindhoven,24, FW,,7,546,0.7,0.3,0.4,-,0.7,0.6,0.1,-,7.04
73,Ryan Gravenberch Ajax,19, DMC,,5(4),480,1.3,0.7,1.2,-,0.3,0.8,-,-,7.04
74,Hicham Faik SC Heerenveen,29, M(C),,26,2204,1.8,1.5,1,-,1.4,1.0,0.2,-,7.03
75,Jeff Hardeveld Heracles,26, D(CL),,7(1),688,3.8,1.4,1.3,0.1,2.4,0.3,0.3,-,7.03
76,Ron Vlaar AZ Alkmaar,36, D(C),,10,781,1.4,0.8,-,0.6,2.2,0.4,0.6,-,7.03
77,Leroy Fer Feyenoord,31, M(CL),,22(1),1970,1.6,1.1,1.5,0.1,1.1,0.7,0.2,-,7.03
78,Tim Matavz Vitesse,32, FW,,24(1),2051,0.2,0.3,0.8,-,0.7,0.3,-,-,7.03
79,Mohamed Rayhi Sparta Rotterdam,27, AM(CL),FW,24(1),1966,2.7,0.7,1.5,-,0.6,2.1,-,-,7.02
80,Eric Botteghin Feyenoord,34, D(C),,20,1785,2.2,2.1,1.1,0.2,4.5,1,0.8,-,7.02
81,Ragnar Ache Sparta Rotterdam,23, FW,,18(1),1481,0.7,0.2,1.3,-,1.0,0.3,0.1,-,7.0
82,Azor Matusiwa FC Groningen,23, DMC,,23,2050,2.4,2.6,1.1,-,1.4,1.4,0.2,-,6.99
83,Jens Toornstra Feyenoord,32, M(CLR),,19(2),1716,1.2,1.3,0.6,-,0.4,1,-,-,6.98
84,Janis Blaswich Heracles,30, GK,,26,2340,-,-,-,-,1.1,-,-,-,6.98
85,Alexander Merkel Heracles,29, M(CR),,25,2201,2.8,0.6,2,-,1.0,1.8,0.5,-,6.97
86,Ricardo Rodríguez PSV Eindhoven,29, D(CL),M(L),5(1),448,1.8,1.2,0.8,0.2,3.5,1.2,-,-,6.97
87,Jurgen Mattheij Sparta Rotterdam,28, D(C),,26,2296,1.1,1.6,1.2,0.4,6.7,0.3,0.7,-,6.97
88,Johnatan Opoku VVV-Venlo,31, AM(CR),,14(5),1324,0.8,0.8,1.1,-,1.1,0.3,-,-,6.96
89,Luka Adzic FC Emmen,23, AM(L),,1(2),159,1.3,0.3,0.7,-,0.3,1,-,-,6.96
90,José Joaquín Matos Twente,26, Defender,,2,180,2.5,3.5,1,-,2,0.5,0.5,-,6.96
91,Pantelis Hatzidiakos AZ Alkmaar,24, D(C),,7(4),738,0.8,0.6,0.6,0.4,3.1,0.3,0.5,-,6.95
92,Lennart Czyborra Heracles,22, D(L),M(L),19,1652,1.5,2.2,0.7,0.2,2.1,0.6,0.2,-,6.94
93,Liam Kelly Feyenoord,25, M(C),,1,90,2,2,1,-,-,-,-,-,6.94
94,Thomas Bruns VVV-Venlo,29, AM(CL),,6,509,3,1.2,1.3,-,0.5,2.2,0.2,-,6.94
95,Marco Bizot AZ Alkmaar,30, GK,,24,2075,-,-,-,-,0.7,-,-,-,6.92
96,Lars Unnerstall PSV Eindhoven,31, GK,,14,1260,0.1,-,0.1,-,0.9,-,-,-,6.92
97,Noa Lang Twente,22, AM(LR),FW,7,602,0.4,-,0.9,-,-,0.7,-,-,6.92
98,Ritsu Doan FC Groningen,23, AM(CLR),FW,2,180,0.5,1,0.5,-,0.5,1,-,-,6.92
99,Sander van de Streek FC Utrecht,28, AM(CL),FW,20(1),1680,1.9,0.4,1.1,-,0.9,0.8,0.1,-,6.91
100,Armando Obispo Vitesse,22, D(C),,26,2337,1.3,1.7,0.5,0.7,4.8,0.3,0.8,-,6.91
101,Stijn Spierings RKC Waalwijk,25, AM(C),,17,1525,2.1,0.9,1.9,-,1.0,0.7,0.1,-,6.91
102,Klaas Jan Huntelaar Ajax,38, FW,,6(12),840,0.1,-,0.1,-,0.3,0.1,-,-,6.91
103,Michael de Leeuw FC Emmen,35, AM(CLR),FW,26,2257,0.7,0.4,1.2,-,2.2,0.9,0.2,-,6.91
104,Bart Ramselaar FC Utrecht,25, AM(CL),,12(4),1043,0.8,0.4,0.1,-,0.1,0.4,0.1,-,6.91
105,Timo Baumgartl PSV Eindhoven,25, D(C),,12(1),1092,1.1,1.4,0.9,0.3,3.9,0.8,0.7,-,6.91
106,Kenneth Paal PEC Zwolle,24, D(L),,19,1660,2.2,1.6,1.5,-,2.1,1.9,0.7,-,6.9
107,Mike Trésor Willem II,22, AM(CL),,16(4),1509,1.0,0.4,0.6,-,0.2,1.0,-,1,6.9
108,Lindon Selahi Twente,22, M(C),,23(2),1873,4.0,1.4,1.9,-,1.0,2.0,0.1,-,6.9
109,Ajdin Hrustic FC Groningen,25, M(CLR),,23(2),1898,1.3,0.6,0.8,-,0.4,1.4,-,-,6.89
110,Patrick Joosten Sparta Rotterdam,25, AM(CLR),FW,8,661,0.3,-,1.3,-,0.4,0.5,-,-,6.89
111,Samir Memisevic FC Groningen,28, D(C),DMC,6(5),637,1.0,0.8,0.8,0.2,2.7,0.2,0.6,-,6.89
112,Sebastian Holmén Willem II,29, D(CR),,26,2340,1.7,1.9,0.5,0.6,4.2,0.5,1,-,6.88
113,Ché Nunnely Willem II,22, AM(R),,25,2037,0.6,0.4,0.4,-,-,0.9,-,-,6.88
114,Michal Sadílek PSV Eindhoven,22, D(L),DMC,13(1),1101,2.4,1.4,0.8,-,1.7,0.9,0.1,-,6.88
115,Luciano Slagveer FC Emmen,28, AM(LR),FW,7(2),532,0.4,0.4,1,-,0.2,0.6,0.1,-,6.88
116,Remko Pasveer Vitesse,38, GK,,26,2340,0.1,-,-,-,0.4,-,-,-,6.88
117,Stijn Wuytens AZ Alkmaar,32, D(C),DMC,21,1798,1.0,1.5,1,0.7,2.2,0.6,0.7,-,6.87
118,Jurgen Ekkelenkamp Ajax,21, AM(C),,1(3),131,0.3,-,0.3,-,0.5,-,-,-,6.87
119,Nick Viergever PSV Eindhoven,32, D(CL),DMC,23,2048,1.5,1.2,0.9,0.3,3.3,0.4,0.9,-,6.87
120,Ryan Babel Ajax,34, M(LR),FW,5,386,0.4,0.4,1.2,-,0.4,1.0,-,-,6.87
121,Joel Asoro FC Groningen,22, AM(R),FW,13(2),1183,0.8,0.3,0.9,-,0.2,0.2,-,-,6.87
122,Nouha Dicko Vitesse,29, AM(R),FW,14(5),1210,1.3,0.4,0.6,-,0.3,0.7,-,-,6.87
123,Perr Schuurs Ajax,21, D(C),,7(3),732,1.9,1.4,0.5,0.5,0.9,0.8,0.7,-,6.87
124,Navarone Foor Vitesse,29, M(CLR),,11(6),952,1.7,1.2,0.7,-,0.5,1.1,0.1,-,6.87
125,Ritsu Doan PSV Eindhoven,23, AM(CLR),FW,12(7),1026,1.4,0.6,0.5,-,0.4,1.2,0.1,-,6.87
126,Jorrit Hendrix PSV Eindhoven,26, D(C),DMC,13(4),1137,1.9,1.0,0.6,-,1.8,1.5,0.4,-,6.86
127,Orkun Kökcü Feyenoord,20, DMC,,21(1),1724,0.7,0.1,1.6,-,0.3,1.2,0.1,-,6.86
128,Sam Larsson Feyenoord,28, AM(CL),FW,9(12),956,0.9,0.5,0.4,-,0.2,0.6,-,-,6.86
129,Bruma PSV Eindhoven,27, AM(CLR),,12(6),974,1.0,0.4,0.2,-,0.2,0.4,-,-,6.86
130,Clint Leemans RKC Waalwijk,26, M(CR),,21,1836,1.7,0.9,0.8,-,0.9,1.2,0.1,-,6.85
131,Michael Zetterer PEC Zwolle,26, GK,,13,1170,-,-,-,-,0.6,0.1,-,-,6.85
132,Miguel Araujo FC Emmen,27, D(C),,12,1080,2,0.8,0.8,0.8,3.1,0.6,1,1,6.84
133,Adrián Dalmau FC Utrecht,27, FW,,4(3),421,0.3,0.1,0.6,-,0.7,0.4,-,-,6.84
134,Freek Heerkens Willem II,32, D(CLR),DMC,22,1979,2,0.8,0.7,0.1,2.2,0.5,0.3,-,6.84
135,Mats Knoester Heracles,22, D(C),,24(1),2197,1.6,1.8,0.3,0.4,3.2,0.3,0.8,-,6.84
136,Haris Vuckic Twente,29, AM(C),FW,23(2),2053,0.8,0.2,0.9,0.1,0.8,0.5,0.1,1,6.84
137,Warner Hahn SC Heerenveen,29, GK,,20,1800,0.1,-,-,-,0.9,0.1,-,-,6.83
138,Jorn Brondeel Twente,28, GK,,1(1),159,-,-,-,-,0.5,-,-,-,6.83
139,Robert Zwinkels ADO Den Haag,38, GK,,5,450,-,-,-,-,1.2,-,-,1,6.83
140,Ramon Pascal Lundqvist FC Groningen,24, M(CL),,17(3),1350,0.9,0.7,0.2,-,0.5,0.3,0.1,-,6.83
141,Willem Janssen FC Utrecht,35, D(C),M(C),19,1710,1.1,1.5,0.8,0.4,4.5,0.6,0.6,-,6.82
142,Dani de Wit AZ Alkmaar,23, AM(C),,19(3),1529,1.3,0.5,1.1,-,0.7,0.6,-,-,6.82
143,Daniel Schwaab PSV Eindhoven,33, D(CR),DMC,17(1),1522,1.3,1.1,0.4,0.4,3.6,0.4,0.9,-,6.82
144,Sergiño Dest Ajax,21, D(LR),M(R),15(5),1444,1.9,0.9,0.6,0.2,0.5,0.5,0.3,-,6.81
145,Wessel Dammers Fortuna Sittard,26, D(C),,9(2),818,0.7,1.4,0.8,0.6,3.7,0.5,0.9,-,6.81
146,Robin Pröpper Heracles,28, D(C),DMC,18,1536,2.0,1.3,1.3,0.2,3.1,0.9,0.8,-,6.81
147,Rodney Kongolo SC Heerenveen,23, DMC,,25(1),2084,2.6,1.1,0.8,-,0.7,1.5,0.2,1,6.81
148,Bart van Hintum FC Groningen,34, D(CL),,14,1196,1.7,1.1,1.1,0.2,3.2,0.6,0.4,-,6.8
149,Django Warmerdam FC Groningen,26, D(L),M(CL),19(2),1634,1.7,1.6,0.6,-,1.8,0.8,0.2,-,6.8
150,Bryan Smeets Sparta Rotterdam,28, M(C),,20(2),1776,0.8,0.1,1,-,1.0,0.9,0.1,-,6.8
151,Lorenzo Burnet FC Emmen,30, D(L),,19(1),1613,1.8,1.5,1.2,0.2,2.3,0.9,0.5,-,6.8
152,Rick Karsdorp Feyenoord,26, D(R),M(R),13(2),1139,1.2,1.8,0.5,0.1,1.3,0.4,0.1,-,6.8
153,Jeremiah St. Juste Feyenoord,25, D(CR),DMC,1,90,3.0,-,-,-,1.0,1.0,-,-,6.79
154,Iliass Bel Hassani PEC Zwolle,29, AM(CLR),,12(2),977,0.8,0.5,0.4,-,0.4,1.1,-,-,6.79
155,Navajo Bakboord Heracles,22, D(R),,9(1),811,3.5,0.9,2,-,1.7,1.2,0.2,-,6.78
156,Lazaros Rota Fortuna Sittard,24, D(R),,4(1),413,3.4,0.8,0.8,-,1.6,2.0,0.4,-,6.78
157,Ibrahim Dresevic SC Heerenveen,24, D(C),DMC,26,2340,1.6,1.6,1,0.5,3.5,0.7,0.8,-,6.78
158,Noussair Mazraoui Ajax,24, D(R),,9(4),744,1.5,0.6,1.5,0.2,1.4,0.6,-,-,6.77
159,Jens Odgaard SC Heerenveen,22, FW,,22(2),1864,0.4,-,1.4,-,1.0,0.8,-,-,6.77
160,Gastón Pereiro PSV Eindhoven,26, AM(CLR),FW,1(3),102,0.8,-,1,-,-,0.5,-,-,6.77
161,Keisuke Honda Vitesse,35, M(CR),,3(1),270,0.8,1.5,0.5,-,-,1.0,-,-,6.77
162,Hilal Ben Moussa FC Emmen,29, DMC,,5(2),512,2,1.7,2.6,-,1,1.0,0.1,-,6.77
163,Christian Kum VVV-Venlo,36, D(CLR),,19(1),1658,1.6,2.2,0.9,0.7,4.3,0.6,0.5,-,6.76
164,John Goossens ADO Den Haag,33, M(CLR),,22,1840,0.8,1,1,-,1.5,1.0,0.5,1,6.76
165,Kaj Sierhuis FC Groningen,23, FW,,14(2),1048,0.3,0.1,0.4,-,0.7,0.6,-,-,6.76
166,Yuta Nakayama PEC Zwolle,24, D(CL),DMC,13(1),1146,1.8,1.4,0.6,0.3,2.7,1.1,0.6,-,6.76
167,Riechedly Bazoer Vitesse,25, D(C),DMC,19(3),1718,1.4,0.3,0.6,-,0.3,0.5,-,-,6.76
168,Eli Dasa Vitesse,28, D(R),M(R),9(1),843,2.1,1.1,1,0.1,1.6,1.0,0.1,-,6.76
169,André Onana Ajax,25, GK,,24,2160,-,0.1,-,-,0.4,0.1,-,-,6.76
170,Mohammed Osman Heracles,27, DMC,,10(3),931,1.5,0.6,0.7,-,0.2,1.2,0.2,-,6.76
171,Bart Vriends Sparta Rotterdam,30, D(C),,26,2334,1.1,1.3,0.9,0.6,5.3,0.6,0.6,-,6.76
172,Calvin Verdonk Twente,24, D(L),,22,1952,3,1.9,1.1,0.1,3.4,0.8,0.2,-,6.75
173,Mike te Wierik FC Groningen,29, D(CR),,23,2016,1.3,1.5,1,0.6,4.0,0.3,0.3,-,6.75
174,Saïd Bakari RKC Waalwijk,27, D(LR),M(L),13(5),1268,2.3,1.2,0.7,0.1,0.6,1.1,0.2,-,6.75
175,Joël Drommel Twente,25, GK,,25,2178,0.1,0.1,-,-,0.7,0.1,-,-,6.74
176,Jordan Teze PSV Eindhoven,22, D(CR),,1(1),135,3.5,-,-,-,2.0,0.5,0.5,-,6.74
177,Alexei Coselev Fortuna Sittard,27, GK,,26,2340,-,0.1,-,-,1.3,0.1,-,-,6.73
178,Sylla Sow RKC Waalwijk,25, AM(LR),FW,14(6),1242,0.5,0.1,1,-,0.1,0.4,-,-,6.72
179,Aaron Meijers ADO Den Haag,34, D(L),DMC,23(3),2106,2.3,1,1.6,0.1,1.6,1.0,0.4,-,6.72
180,Javier Espinosa Twente,29, AM(CLR),,18(1),1476,1.7,0.6,1.0,-,0.2,1.1,0.1,-,6.72
181,Sherel Floranus SC Heerenveen,23, D(LR),,25,2231,2.4,1.4,1.9,0.3,2.6,0.8,0.3,-,6.72
182,Driess Saddiki Willem II,25, DMC,,25,2083,2.5,1.8,1.3,-,1.4,1.6,0.3,-,6.71
183,Darren Maatsen RKC Waalwijk,30, AM(R),FW,13(6),1137,1.3,1.2,0.9,-,0.5,0.7,0.1,-,6.71
184,Michael Chacón FC Emmen,27, DMC,M(L),24,2103,2.2,1.5,1.8,-,0.9,2,0.3,-,6.71
185,Jordens Peters Willem II,34, D(C),,26,2338,1.5,1.5,0.9,0.8,2.9,0.4,0.8,-,6.71
186,Justin Bijlow Feyenoord,23, GK,,7,630,-,0.1,0.1,-,1.0,-,-,-,6.71
187,Lucas Woudenberg SC Heerenveen,27, D(L),,11(3),976,2.9,1.1,1.4,0.1,1.8,0.6,0.4,-,6.7
188,Danilho Doekhi Vitesse,23, D(C),,26,2340,1,1.3,0.7,0.5,4.9,0.2,0.8,-,6.7
189,Leon Guwara FC Utrecht,25, D(L),M(L),14(1),1238,1.4,0.9,0.3,0.1,1.2,0.5,0.3,-,6.7
190,Bram van Polen PEC Zwolle,36, D(CLR),,7(1),630,0.8,2,2.4,-,4.4,-,0.9,-,6.7
191,Tim Breukers Heracles,34, D(LR),,16(1),1441,2.9,0.9,1.3,0.2,2.0,1.2,0.3,-,6.7
192,Dennis Telgenkamp FC Emmen,34, GK,,26,2340,0.1,-,0.1,-,0.8,-,-,-,6.69
193,Bart Nieuwkoop Willem II,25, D(R),M(R),11(6),1042,1.6,1.9,1.0,0.2,2.1,0.9,0.4,-,6.69
194,Mark van der Maarel FC Utrecht,32, D(CLR),,16(1),1429,2.0,1.4,1.5,-,2.5,0.8,0.3,-,6.69
195,Tobias Pachonik VVV-Venlo,26, D(R),,26,2314,1.8,0.7,1.0,0.2,2.1,0.5,0.4,-,6.69
196,Carel Eiting Ajax,23, DMC,,3(3),360,1.2,0.8,0.2,0.2,0.3,0.5,-,-,6.69
197,Ramon Leeuwin AZ Alkmaar,34, D(C),,4(1),364,0.4,0.8,0.8,1.4,2.8,-,0.6,-,6.69
198,Branislav Ninaj Fortuna Sittard,27, D(C),,24,2131,1.4,1.5,0.9,0.7,6.0,0.7,0.8,-,6.69
199,Julio Pleguezuelo Twente,24, D(CR),,16(3),1509,1.7,1.3,1.2,0.4,3.7,1.2,0.6,-,6.68
200,Paul Quasten RKC Waalwijk,36, D(L),,11(2),978,2.5,1.5,1.2,0.2,2.2,0.5,0.1,1,6.68
201,Lex Immers ADO Den Haag,35, AM(C),FW,22(1),1955,1.5,0.7,0.9,-,1.3,1.2,0.1,1,6.68
202,Xavier Mous PEC Zwolle,26, GK,,13,1170,-,-,0.1,-,0.8,-,-,-,6.68
203,Tom Beugelsdijk ADO Den Haag,31, D(C),,18(1),1615,1.3,2.1,1.3,0.6,3.7,0.6,0.5,-,6.68
204,Sam Stubbs ADO Den Haag,22, D(C),,8,720,1.1,2.1,0.3,0.4,4.4,0.1,1.1,-,6.68
205,Ahmed El Messaoudi FC Groningen,26, M(CR),,15(5),1375,1.7,0.9,1.2,0.1,0.8,1.1,0.3,-,6.67
206,Maarten Paes FC Utrecht,23, GK,,18,1620,-,-,-,-,0.6,0.1,-,-,6.67
207,Hannes Delcroix RKC Waalwijk,22, D(C),,23,2058,1.9,1.8,0.8,0.8,4.5,0.5,0.8,-,6.66
208,Aleksandar Bjelica ADO Den Haag,27, Defender,,0(2),48,1,0.5,0.5,-,1.5,0.5,0.5,-,6.66
209,Edson Álvarez Ajax,24, D(C),DMC,6(6),558,1,1.7,0.7,-,1.1,0.4,0.3,-,6.66
210,Peet Bijen Twente,26, D(C),,18(2),1703,0.7,0.8,0.5,1,5.7,0.6,0.7,1,6.66
211,Lutsharel Geertruida Feyenoord,21, D(R),,11(6),1045,2.1,0.7,0.9,0.1,0.8,0.5,0.2,-,6.66
212,Keziah Veendorp FC Emmen,24, D(C),DMC,14(5),1389,1.7,1.4,0.7,0.3,3.1,0.4,0.5,1,6.65
213,Lassina Traoré Ajax,20, FW,,3(6),344,0.3,-,0.9,-,0.2,-,-,-,6.65
214,Razvan Marin Ajax,25, DMC,,5(5),503,1.0,0.3,1.5,-,0.2,0.7,-,-,6.65
215,Hirving Lozano PSV Eindhoven,26, AM(LR),FW,1,50,2.0,-,-,-,-,-,-,-,6.65
216,Ko Itakura FC Groningen,24, D(C),,18(4),1669,1.8,1.3,0.5,0.3,2.7,0.5,0.5,-,6.65
217,Danny Post VVV-Venlo,32, DMC,,19(1),1706,3.2,1.7,2.3,-,2.1,1.8,0.6,-,6.65
218,Urby Emanuelson FC Utrecht,35, D(L),M(CLR),5(8),574,0.8,0.7,0.2,0.1,1.1,0.4,0.5,-,6.65
219,Oguzhan Özyakup Feyenoord,29, M(C),,1(1),73,0.5,1,0.5,-,0.5,1.5,-,-,6.65
220,Sondre Tronstad Vitesse,26, M(CR),,5(1),466,2.3,0.5,1.2,-,1.3,1.5,0.8,-,6.64
221,Roel Janssen VVV-Venlo,31, D(CL),,21,1838,3,2.1,1.1,0.1,2.5,1.6,0.5,-,6.64
222,Sergio Padt FC Groningen,31, GK,,26,2340,-,-,-,-,0.8,-,-,-,6.64
223,Justin Hoogma FC Utrecht,23, D(C),,23,2059,1.3,0.7,0.5,0.6,2.5,0.6,0.8,-,6.64
224,George Cox Fortuna Sittard,23, D(L),,21,1813,1.9,2.2,0.5,0.1,2,0.7,0.3,-,6.64
225,Thomas Bruns PEC Zwolle,29, AM(CL),,5(3),444,1.8,0.6,1,-,1.1,0.6,0.1,-,6.64
226,Melle Meulensteen RKC Waalwijk,22, D(C),,11(3),1055,1.4,1.9,0.5,1.1,3.4,1.1,1.1,-,6.63
227,Erick Gutiérrez PSV Eindhoven,26, DMC,,9(6),827,2,0.7,1,-,0.9,0.9,0.1,-,6.63
228,Michael Woud Willem II,22, GK,,1,90,-,-,-,-,-,-,-,-,6.63
229,Jeroen Zoet PSV Eindhoven,30, GK,,11,990,-,0.1,-,-,0.5,-,-,-,6.63
230,Joris van Overeem FC Utrecht,27, M(CLR),,11(3),1026,1.7,1.8,1.2,-,1.1,1.9,0.2,-,6.63
231,Adil Auassar Sparta Rotterdam,35, D(C),M(CL),23,1803,1.9,1.3,2.1,-,1.7,1.6,0.3,-,6.63
232,Rico Strieder PEC Zwolle,29, DMC,,6,466,2.3,1.8,1.2,-,1.5,2.2,0.2,-,6.63
233,Jordy Clasie AZ Alkmaar,30, D(C),DMC,10(8),998,1.4,1.1,0.4,0.3,0.9,0.8,0.1,-,6.63
234,Timon Wellenreuther Willem II,25, GK,,25,2250,-,-,-,-,0.8,-,-,-,6.62
235,Michael Heylen FC Emmen,27, D(C),,19,1694,1.4,1.6,0.6,0.5,3.6,0.7,1.1,-,6.62
236,Peter van Ooijen VVV-Venlo,29, AM(CLR),,21(1),1728,1.2,0.1,0.6,-,0.5,1.1,-,-,6.62
237,Mustafa Saymak PEC Zwolle,28, M(CLR),,12(3),852,1.3,0.6,0.5,-,0.4,1.3,-,-,6.61
238,Mohamed El Hankouri FC Groningen,24, M(CLR),,10(11),1085,1.3,0.4,0.9,-,-,0.2,-,-,6.61
239,Sai van Wermeskerken PEC Zwolle,27, D(LR),,14(4),1277,2.4,1,0.5,0.1,1.5,1,0.2,-,6.61
240,Reza Ghoochannejhad PEC Zwolle,34, AM(CR),FW,7(6),711,0.3,-,1.1,-,0.4,0.2,0.1,-,6.6
241,Simon Makienok FC Utrecht,30, FW,,0(3),49,-,0.3,-,-,0.3,0.3,-,-,6.6
242,Sam Kersten PEC Zwolle,23, D(C),,12(4),1116,1.4,1.4,0.7,0.4,3.6,0.6,0.9,-,6.6
243,Renato Tapia Feyenoord,26, D(C),DMC,7(8),752,1.4,0.9,0.9,0.1,0.6,0.7,0.2,1,6.59
244,Thorsten Kirschbaum VVV-Venlo,34, GK,,26,2340,-,-,-,-,0.6,-,-,-,6.59
245,Róbert Bozeník Feyenoord,21, FW,,3(2),295,-,-,1.8,-,-,0.8,-,-,6.59
246,Evert Linthorst VVV-Venlo,21, AM(C),,17(1),1379,1.4,0.9,1.2,0.1,1,1.2,0.3,-,6.59
247,Daniël van Kaam FC Groningen,21, DMC,,9(2),794,1.1,0.8,0.5,-,0.6,0.9,-,-,6.59
248,Dante Rigo Sparta Rotterdam,22, DMC,,10(6),843,1.1,0.5,0.8,-,0.8,1.4,0.4,-,6.58
249,Lennart Thy PEC Zwolle,29, AM(C),FW,19(5),1672,0.4,0.2,0.6,-,0.3,0.6,0.1,-,6.58
250,Dean Huiberts PEC Zwolle,21, M(C),,7(4),710,2.5,0.9,1.5,-,0.5,2.2,-,-,6.58
251,Tijjani Reijnders RKC Waalwijk,23, DMC,,5(3),542,0.8,1.6,0.4,-,0.6,1,0.4,-,6.58
252,Miquel Nelom Willem II,31, D(L),,13(3),1133,1.1,1.2,0.8,0.2,2.1,0.7,0.2,-,6.58
253,Joshua Brenet Vitesse,27, D(LR),M(R),3(1),258,1.5,1,0.8,0.5,1.0,0.5,-,-,6.57
254,Shaquille Pinas ADO Den Haag,23, D(C),,25,2237,1.7,1.4,0.6,0.7,3.2,1,1,-,6.57
255,Tomas Necid ADO Den Haag,32, FW,,14(7),1254,0.3,-,1.0,-,1.0,0.5,-,-,6.57
256,Robin Polley ADO Den Haag,22, Defender,,1(1),100,3.0,-,1.0,0.5,3.0,0.5,-,-,6.57
257,Yukinari Sugawara AZ Alkmaar,21, D(R),M(R),5(11),639,0.4,0.3,0.4,0.1,0.8,0.3,0.1,-,6.56
258,Wilfried Kanon ADO Den Haag,28, D(CL),,3(1),261,3.0,1,1.0,1,4.3,-,0.5,-,6.56
259,Nils Röseler VVV-Venlo,29, D(C),,25,2194,1.4,1.5,0.4,0.4,4.2,0.6,0.8,-,6.56
260,Oriol Busquets Twente,22, D(C),DMC,20(1),1676,1.1,1.5,0.6,0.3,2.1,1.1,0.3,-,6.55
261,Jonas Arweiler FC Utrecht,24, FW,,0(3),54,-,-,-,-,-,-,0.3,-,6.55
262,Damil Dankerlui Willem II,25, D(R),M(CR),7(9),768,1.1,0.4,0.4,-,0.6,0.8,0.2,-,6.55
263,Mica Pinto Fortuna Sittard,28, D(L),,7,579,2.7,1.3,0.4,0.1,2.3,1.3,-,-,6.55
264,Dion Malone ADO Den Haag,32, D(R),DMC,17(3),1534,1.4,1.2,1.1,0.1,1.7,1,0.3,-,6.55
265,Håkon Evjen AZ Alkmaar,21, Midfielder,,1(2),106,2,0.3,0.7,-,-,1.3,-,-,6.55
266,Marios Vrousai Willem II,23, AM(CLR),,10(11),946,0.9,0.4,0.5,-,0.2,0.5,-,-,6.55
267,Luuk Koopmans ADO Den Haag,27, GK,,20,1800,-,-,-,-,0.6,0.1,-,-,6.55
268,Maximilian Rossmann Heracles,26, D(C),,5(3),392,0.6,1,0.9,-,2.3,0.1,0.8,-,6.54
269,Lars Veldwijk Sparta Rotterdam,30, FW,,3(12),454,0.2,0.1,0.3,-,0.7,0.1,-,-,6.54
270,Mike van Duinen PEC Zwolle,30, AM(LR),FW,9(3),791,0.5,0.4,1.3,-,0.6,0.5,0.1,-,6.54
271,Jesse Bosch Twente,21, AM(C),,3(1),243,1.3,1,0.5,-,0.8,2.8,-,-,6.54
272,Julian Lelieveld Vitesse,23, D(R),,14(2),1234,2.1,1,0.7,0.3,1.1,1.1,0.4,-,6.54
273,Elia Soriano VVV-Venlo,32, FW,,12(4),1082,0.7,0.4,0.7,0.1,1.3,0.5,0.1,-,6.54
274,Kenneth Vermeer Feyenoord,35, GK,,16,1440,-,-,-,-,0.3,-,-,-,6.53
275,Mario Bilate RKC Waalwijk,30, FW,,14(3),1258,0.4,-,0.9,-,0.3,0.2,-,-,6.53
276,Marko Kolar FC Emmen,26, AM(LR),FW,19(2),1488,0.6,0.5,0.4,-,0.6,0.3,-,-,6.53
277,Olivier Boscagli PSV Eindhoven,23, D(CL),DMC,6(6),637,1.4,0.9,0.4,-,1.8,0.8,0.2,-,6.53
278,Xandro Schenk Twente,28, D(CL),,22,1900,1.3,0.8,0.8,0.4,4.3,0.6,0.3,-,6.53
279,Jorrit Smeets Fortuna Sittard,26, DMC,,23,1976,2.3,1,1.3,-,1.3,1.2,0.2,-,6.53
280,Jerome Sinclair VVV-Venlo,25, AM(LR),FW,10(13),1058,1.2,0.3,0.6,-,0.2,1.0,-,-,6.52
281,Crysencio Summerville ADO Den Haag,20, AM(R),,17(4),1490,1,0.4,0.3,-,0.4,0.3,0.1,-,6.52
282,Luciano Narsingh Feyenoord,31, AM(LR),FW,6(9),653,0.4,0.1,0.3,-,0.1,0.3,-,-,6.52
283,Kristoffer Peterson FC Utrecht,26, AM(CLR),,5(1),371,-,0.5,0.3,-,0.8,1.5,-,-,6.52
284,Queensy Menig Twente,26, AM(LR),FW,4(7),463,0.7,-,0.5,-,0.1,0.9,-,-,6.52
285,Godfried Roemeratoe Twente,22, DMC,,12(3),1119,2.3,0.9,1.2,-,1.8,0.9,0.3,-,6.52
286,Tesfaldet Tekie Fortuna Sittard,24, DMC,,19(1),1666,1.6,0.7,0.7,-,0.7,1.1,0.1,-,6.51
287,Dirk Abels Sparta Rotterdam,24, D(R),,19(6),1844,0.9,1.4,0.6,0.2,2.4,0.8,0.2,-,6.51
288,Charlison Benschop FC Groningen,32, FW,,7(10),847,0.2,0.1,0.8,-,0.2,0.5,0.1,-,6.5
289,Hans Mulder RKC Waalwijk,34, D(C),DMC,15(3),1272,1.7,1.3,1.2,0.4,2.9,0.7,0.4,-,6.5
290,Jay-Roy Grot Vitesse,23, AM(LR),FW,9(13),848,0.9,0.4,0.7,-,0.2,0.8,0.1,-,6.5
291,Fabian Sporkslede RKC Waalwijk,28, D(R),,6,540,2.3,1.3,1.8,0.5,2.8,0.7,0.3,-,6.5
292,Felix Passlack Fortuna Sittard,23, D(LR),M(CR),25,2178,1.2,0.8,1.3,-,0.8,1,0.4,-,6.5
293,Keito Nakamura Twente,21, AM(L),,13(4),858,1,0.2,0.5,-,0.2,0.5,-,-,6.49
294,Laurens De Bock ADO Den Haag,29, D(CL),,8,705,2.1,2.0,0.9,-,2.6,1.1,0.6,-,6.49
295,Darryl Lachman PEC Zwolle,32, D(C),,12(1),1084,1.6,0.9,0.5,0.5,3.1,0.5,0.7,-,6.49
296,Emil Hansson RKC Waalwijk,23, AM(LR),,7,606,1,0.3,-,-,0.3,0.7,-,-,6.48
297,Thomas Lam PEC Zwolle,27, D(C),DMC,14,1232,1.3,1.2,1.1,0.4,3.0,0.5,0.7,-,6.48
298,Martin Angha Fortuna Sittard,27, D(CR),,15(1),1240,1.7,1.4,0.8,0.4,4.0,0.9,0.4,-,6.48
299,Tim Coremans Sparta Rotterdam,30, GK,,10,900,-,0.1,0.1,-,1.4,-,-,-,6.48
300,Nick Venema FC Utrecht,22, Forward,,1(2),107,0.3,-,0.7,-,-,1.3,-,-,6.48
301,Wouter Burger Feyenoord,20, AM(C),,2(4),243,1.5,1.2,0.7,-,0.7,0.8,-,-,6.47
302,Gabriel Gudmundsson FC Groningen,22, D(L),M(LR),4(7),403,0.7,0.1,1.4,-,0.5,0.5,-,-,6.47
303,Elson Hooi ADO Den Haag,30, AM(LR),,8(5),714,0.8,0.2,0.2,-,0.2,0.8,0.1,-,6.47
304,Noni Madueke PSV Eindhoven,19, AM(R),FW,1(3),116,1,-,0.3,-,0.5,0.3,0.3,-,6.47
305,Jeroen Zoet FC Utrecht,30, GK,,7,630,-,0.1,-,-,0.3,-,-,-,6.46
306,Dario Van den Buijs Heracles,26, D(C),,5(7),517,0.8,0.8,0.3,0.2,1.9,0.3,0.5,-,6.46
307,Desevio Payne FC Emmen,25, D(LR),,0(2),56,3,-,1,0.5,2,1,1,-,6.46
308,Jurriën Timber Ajax,20, D(CR),,1,82,1,2,1,1,-,-,-,-,6.46
309,Stefan Velkov RKC Waalwijk,24, Defender,,3,270,1.7,1.7,1,0.7,3.3,0.7,1.7,-,6.46
310,Omar Bogle ADO Den Haag,29, FW,,4(1),333,0.4,-,1,-,2.2,0.8,0.2,-,6.46
311,Clint Essers Fortuna Sittard,24, D(R),,12(6),1130,1.9,1,0.8,0.1,1.7,1.2,0.2,-,6.46
312,Görkem Saglam Willem II,23, AM(C),,1(2),137,0.3,0.3,1.3,-,-,0.3,-,-,6.46
313,Ricardo van Rhijn SC Heerenveen,30, D(CR),,16(3),1475,1.3,1.3,0.5,0.2,1.6,0.4,0.1,-,6.45
314,Thomas Ouwejan AZ Alkmaar,25, D(L),M(L),4(6),438,0.8,0.5,0.2,0.1,0.8,0.3,-,-,6.44
315,Mike Havekotte ADO Den Haag,26, Goalkeeper,,1,90,-,-,-,-,3,-,-,-,6.44
316,Issah Abass FC Utrecht,23, FW,,10(5),839,1,0.3,1.1,-,0.1,0.3,-,-,6.44
317,Jeffry Fortes Sparta Rotterdam,32, D(R),DMC,5(1),455,0.7,0.7,0.5,-,1.7,0.5,-,-,6.44
318,Edgar Ié Feyenoord,27, D(CR),,10(1),901,1.4,1.4,0.9,0.4,2,0.3,0.9,1,6.44
319,Jean-Christophe Bahebeck FC Utrecht,28, AM(LR),FW,6(9),585,0.5,-,0.8,-,0.3,0.4,-,-,6.44
320,Filip Ugrinic FC Emmen,22, DMC,,6(7),601,1.7,0.8,1.1,-,0.9,1,0.2,-,6.43
321,Amir Absalem FC Groningen,24, D(L),,4(1),352,1.4,1.4,1.6,-,1.6,1,-,-,6.43
322,Vitalie Damascan Fortuna Sittard,22, FW,,13(6),1091,0.2,0.1,0.7,0.1,0.5,0.3,-,-,6.43
323,Jan-Arie van der Heijden Feyenoord,33, D(C),,5,362,0.4,1,0.8,0.2,3.2,0.2,0.2,-,6.43
324,Nick Bakker FC Emmen,29, D(C),,8,630,1.8,0.6,1.4,0.3,2.9,0.4,0.6,-,6.43
325,Roy Gelmi VVV-Venlo,26, D(C),,1(2),121,1.0,1.3,-,0.3,1.3,-,0.3,-,6.43
326,Tom Hiariej FC Emmen,33, D(R),DMC,16(1),1298,1.4,1.2,0.8,0.1,0.6,1.2,0.2,-,6.43
327,Haji Wright VVV-Venlo,23, AM(LR),FW,16(6),1410,0.5,0.2,1,-,0.4,0.4,0.1,-,6.43
328,Rick Dekker PEC Zwolle,26, D(C),DMC,13(4),1186,2.4,1.1,0.6,0.2,2.4,1.4,0.4,-,6.43
329,Etienne Vaessen RKC Waalwijk,26, GK,,24,2112,0.1,-,-,-,0.9,0.2,-,-,6.42
330,Milan van Ewijk ADO Den Haag,21, D(R),,12,1010,1.8,0.9,0.6,0.5,1.4,0.8,-,-,6.42
331,Destan Bajselmani PEC Zwolle,22, Defender,,1(2),205,1,-,1,-,0.7,-,0.3,-,6.42
332,Jordy Bruijn SC Heerenveen,25, AM(CL),,8(9),674,0.9,-,1,-,0.1,0.7,-,-,6.42
333,Anas Tahiri RKC Waalwijk,26, M(C),,14(9),1280,0.7,0.4,0.7,-,0.3,0.6,-,-,6.42
334,Deroy Duarte Sparta Rotterdam,22, AM(CLR),,3(11),439,1.1,1,0.4,-,0.5,0.4,0.1,-,6.42
335,Jan-Niklas Beste FC Emmen,22, D(L),M(R),5(1),410,1.2,0.8,1.3,0.2,0.7,0.5,0.5,-,6.41
336,Charly Musonda Vitesse,25, AM(LR),,0(3),65,-,-,0.3,-,-,0.3,-,-,6.41
337,Vito van Crooij PEC Zwolle,25, AM(CLR),FW,11(5),1004,0.6,0.3,1.1,-,0.7,1.3,0.1,-,6.41
338,Bruno Varela Ajax,27, GK,,1,90,-,-,-,-,-,-,-,-,6.41
339,Robbin Ruiter PSV Eindhoven,34, GK,,1,90,-,-,-,-,1,-,-,-,6.41
340,Anders Dreyer SC Heerenveen,23, AM(R),,1(10),223,0.4,0.2,0.4,-,0.5,0.3,-,-,6.4
341,Richard Neudecker VVV-Venlo,25, M(CL),,12(4),1003,0.8,0.7,0.9,0.1,0.7,1.3,0.1,-,6.4
342,Kasper Dolberg Ajax,24, FW,,1,82,1,-,-,-,-,-,-,-,6.4
343,Marc-Olivier Doué PEC Zwolle,21, Defender,,0(1),2,-,2,-,-,-,-,-,-,6.4
344,John Yeboah VVV-Venlo,21, AM(R),,10(8),1008,0.3,0.6,0.7,-,0.1,0.7,0.1,-,6.4
345,Alen Halilovic SC Heerenveen,25, AM(CR),,4(13),498,0.5,0.1,0.1,-,0.2,0.3,0.1,-,6.39
346,Giorgi Aburjania Twente,26, DMC,,5(12),645,1.8,0.4,0.7,0.1,0.1,1,0.2,-,6.39
347,Bassala Sambou Fortuna Sittard,24, FW,,12(10),1198,0.4,-,0.7,-,0.1,0.1,-,-,6.38
348,Joey Konings Heracles,23, AM(L),,8(7),747,0.4,0.3,0.6,-,0.5,0.4,-,-,6.37
349,Jafar Arias FC Emmen,26, FW,,6(11),805,0.8,0.1,1.5,-,0.4,0.4,-,-,6.37
350,Trent Sainsbury PSV Eindhoven,29, D(C),,1,90,-,1.0,-,-,2,1,-,-,6.37
351,Jordan Spence ADO Den Haag,31, D(CR),M(R),3(1),339,2.8,1.5,1.8,-,2.3,2.5,0.8,-,6.37
352,Dylan Vente RKC Waalwijk,22, FW,,10(7),950,0.6,0.1,0.7,-,0.3,0.3,0.2,-,6.36
353,Simon Janssen VVV-Venlo,21, M(C),,1(6),242,0.9,0.7,0.7,-,0.9,1.3,0.1,-,6.36
354,Lassana Faye Sparta Rotterdam,23, D(L),,23,2019,1.4,0.6,0.7,0.3,1.8,0.5,0.3,-,6.36
355,Lee Cattermole VVV-Venlo,33, M(C),,9(2),779,1.8,0.5,1.3,0.1,1.4,1.2,0.5,-,6.36
356,Dabney dos Santos Heracles,25, AM(CL),,9(9),769,0.7,0.4,0.6,0.1,-,0.3,0.1,-,6.35
357,Rafik Zekhnini Twente,23, AM(L),,5(16),704,0.5,0.2,0.9,-,-,0.4,-,-,6.35
358,Zian Flemming PEC Zwolle,23, AM(C),FW,2(2),218,1,0.5,1.8,-,1.8,-,-,-,6.35
359,Emil Berggreen Twente,28, FW,,2(11),352,0.1,0.1,0.7,-,0.2,0.1,-,-,6.34
360,Wout Brama Twente,35, DMC,,6(3),601,1.3,0.9,1.1,-,1.2,0.8,0.1,-,6.33
361,Filip Bednarek SC Heerenveen,29, GK,,6,540,-,-,-,-,0.8,-,-,-,6.33
362,George Thomas ADO Den Haag,24, AM(C),,3,268,1.3,1,-,-,1.3,0.3,0.3,-,6.33
363,Daan Rienstra RKC Waalwijk,29, M(C),,20(1),1671,1.7,0.9,1.5,-,0.3,1.5,0.2,-,6.33
364,Thijmen Goppel ADO Den Haag,24, M(R),,3(1),222,1,0.5,-,-,0.3,0.5,0.3,-,6.33
365,Thomas Poll FC Groningen,20, Defender,,1(1),116,1.5,-,0.5,-,-,-,-,-,6.32
366,Khalid Karami Sparta Rotterdam,31, D(LR),,3(3),340,0.8,1.3,0.3,0.3,0.5,0.5,0.5,-,6.32
367,Tijjani Reijnders AZ Alkmaar,23, DMC,,0(3),38,0.3,-,0.3,-,0.3,0.3,-,-,6.32
368,Ariel Harush Sparta Rotterdam,33, GK,,16,1440,0.1,0.1,0.1,-,0.8,0.1,-,-,6.31
369,Robbert de Vos FC Emmen,25, AM(L),,4(6),372,0.9,0.1,0.4,-,0.4,0.8,0.3,-,6.31
370,Stanley Elbers RKC Waalwijk,29, AM(LR),,9(3),762,0.8,0.3,0.7,-,0.6,0.8,0.2,-,6.31
371,Mica Pinto Sparta Rotterdam,28, D(L),,2(1),189,0.7,1.7,-,-,0.7,0.3,-,-,6.3
372,Juriën Gaari RKC Waalwijk,27, D(R),,18,1580,1.4,1.2,1.3,0.3,2,1.2,0.3,-,6.3
373,Patrick Vroegh Vitesse,21, M(C),,3(4),256,0.7,0.6,0.1,-,0.3,0.4,-,-,6.3
374,Joël Piroe Sparta Rotterdam,22, FW,,1(17),388,0.2,0.2,0.5,-,0.1,0.3,0.1,-,6.3
375,Dennis Johnsen PEC Zwolle,23, AM(L),,10(13),1100,0.6,0.2,0.1,-,0.3,0.9,0.2,-,6.3
376,Ferhat Görgülü FC Emmen,30, D(C),,2(2),251,1.0,0.5,1.3,-,2.5,0.8,0.5,-,6.3
377,Laros Duarte Sparta Rotterdam,24, DMC,,5(11),703,0.7,0.9,0.6,-,0.8,0.9,-,-,6.29
378,Hamdi Akujobi SC Heerenveen,21, Midfielder,,0(3),36,1.0,-,0.3,-,-,0.3,-,-,6.28
379,Dimitrios Ioannidis Fortuna Sittard,21, Midfielder,,0(2),44,1.5,1,-,-,1.5,1.5,0.5,-,6.28
380,Giovanni Troupée FC Utrecht,23, D(R),,0(8),55,0.1,0.1,-,-,0.3,0.1,0.1,-,6.28
381,Thom Haye ADO Den Haag,26, AM(CLR),,2(7),299,0.3,0.1,0.4,-,0.1,0.6,0.1,-,6.27
382,Michiel Kramer ADO Den Haag,32, FW,,7(6),680,0.2,-,1.5,-,0.8,0.4,0.2,-,6.27
383,Danny Bakker ADO Den Haag,26, D(C),DMC,18(4),1491,1.7,1,1.1,-,1.4,0.9,0.3,-,6.27
384,Rody de Boer AZ Alkmaar,24, Goalkeeper,,1(1),172,-,-,-,-,-,0.5,-,-,6.27
385,Gregoire Amiot Fortuna Sittard,26, D(C),,7(2),583,0.8,1.9,0.4,0.3,3.2,0.4,0.4,-,6.26
386,Joris Kramer AZ Alkmaar,25, D(C),,0(1),27,-,-,1,1,3,-,-,-,6.26
387,Rami Al Hajj SC Heerenveen,20, Midfielder,,0(5),108,0.4,0.4,0.2,-,0.2,0.2,-,-,6.26
388,Erik Falkenburg ADO Den Haag,33, AM(CL),FW,10(6),948,0.5,0.1,0.5,-,1,0.8,0.1,-,6.25
389,Damian van Bruggen VVV-Venlo,25, D(C),DMC,2(2),218,-,0.8,-,-,1.8,-,1,-,6.25
390,Patrik Raitanen Fortuna Sittard,20, Defender,,0(2),29,0.5,-,-,-,2,0.5,-,-,6.25
391,Jarni Koorman PEC Zwolle,22, Midfielder,,1(2),134,2,-,0.3,-,-,1.3,-,-,6.24
392,Siem de Jong Ajax,32, AM(CL),FW,1(3),107,1,-,0.3,-,-,-,-,-,6.24
393,Runar Espejord SC Heerenveen,25, AM(R),FW,0(6),119,0.5,-,0.3,-,0.3,-,-,-,6.24
394,Kian Slor FC Groningen,19, Forward,,0(2),37,0.5,-,-,-,-,-,-,-,6.24
395,Konstantinos Mitroglou PSV Eindhoven,33, FW,,0(13),263,-,-,0.2,-,0.2,0.1,-,-,6.23
396,Justin Lonwijk FC Utrecht,21, Midfielder,,1,38,-,-,-,-,-,-,-,-,6.23
397,Tudor Baluta ADO Den Haag,22, DMC,,4,356,1,1.5,1.3,-,3,1.3,0.8,-,6.23
398,Rasmus Karjalainen Fortuna Sittard,25, Forward,,4(11),507,0.7,0.1,0.3,-,0.3,0.5,-,-,6.23
399,Anco Jansen FC Emmen,32, AM(L),FW,0(7),84,0.1,0.1,0.4,-,0.1,0.1,-,-,6.23
400,Sebastian Jakubiak Heracles,28, M(C),,1(4),139,0.6,0.2,0.2,-,-,0.8,-,-,6.22
401,Arjen van der Heide SC Heerenveen,19, AM(L),,0(5),31,0.2,-,0.2,-,-,-,-,-,6.21
402,Jan Ras SC Heerenveen,22, Midfielder,,0(3),46,1,0.3,1.0,-,-,0.7,-,-,6.21
403,Yassin Oukili Vitesse,20, Midfielder,,0(3),70,1,0.3,0.7,-,-,1,-,-,6.21
404,Cian Harries Fortuna Sittard,24, D(C),,4(4),379,0.8,0.6,0.6,0.1,3.5,0.6,0.4,1,6.21
405,Kevin Vermeulen RKC Waalwijk,30, AM(C),,1(4),92,-,-,0.4,-,-,-,-,-,6.21
406,Àlex Carbonell Fortuna Sittard,24, M(C),,7(10),690,0.9,0.5,0.6,-,0.6,1.1,0.2,-,6.2
407,Patrick Joosten FC Utrecht,25, AM(CLR),FW,3(4),309,-,0.3,0.3,-,-,0.1,-,-,6.2
408,Giovanni Troupée Twente,23, D(R),,8,716,0.9,0.3,1.8,0.1,1.3,1.1,0.1,-,6.19
409,Etiënne Reijnen PEC Zwolle,34, D(CR),,3(1),265,0.8,1.8,0.8,0.5,2.5,-,0.3,-,6.19
410,Paul Verhaegh Twente,38, D(R),M(R),5(2),390,1,0.4,0.6,0.1,2.1,0.4,0.1,-,6.19
411,Leandro Fernandes Fortuna Sittard,21, Midfielder,,1(4),121,0.2,0.4,1,-,0.6,0.2,-,-,6.19
412,Bilal Ould-Chikh ADO Den Haag,24, AM(R),,3(10),376,0.5,0.1,0.7,-,0.2,0.2,-,-,6.18
413,Sam Schreck FC Groningen,22, M(C),,6(7),476,1.2,0.2,0.6,-,0.1,0.5,-,-,6.18
414,Jacky Donkor Fortuna Sittard,23, Forward,,0(1),13,1,-,-,-,-,-,-,-,6.18
415,Stan van Dijck VVV-Venlo,21, Defender,,0(3),11,-,-,-,-,-,-,-,-,6.18
416,Ferdy Druijf AZ Alkmaar,23, FW,,1(11),227,0.1,0.1,0.2,-,0.1,0.1,-,-,6.17
417,Nick Kuipers ADO Den Haag,29, D(C),,0(1),22,-,-,-,-,2,-,-,-,6.17
418,Romano Postema FC Groningen,19, Forward,,2(9),281,0.1,-,0.3,-,0.1,0.3,0.1,-,6.17
419,Ingo van Weert RKC Waalwijk,27, D(C),,2(6),210,0.4,0.1,0.4,0.1,1.1,0.5,-,-,6.17
420,Pawel Cibicki ADO Den Haag,27, AM(R),FW,1(2),117,0.7,-,-,-,-,1,-,-,6.16
421,Vaclav Cerny FC Utrecht,24, AM(R),,3(10),360,0.5,0.3,0.6,-,0.1,0.7,-,-,6.16
422,Ibrahim Afellay PSV Eindhoven,35, M(CLR),,1(2),106,0.3,0.3,0.7,-,0.7,-,-,-,6.16
423,Lennerd Daneels RKC Waalwijk,23, AM(LR),,1(6),159,0.3,-,0.3,-,-,0.1,-,-,6.16
424,Emil Bergström FC Utrecht,28, D(CL),,1,90,1,-,1,-,1,-,-,-,6.15
425,Lorenzo van Kleef ADO Den Haag,20, Midfielder,,0(2),38,2,-,0.5,-,0.5,0.5,-,-,6.15
426,Tom Boere Twente,28, FW,,0(1),2,-,-,-,-,-,-,-,-,6.15
427,Youssef El Kachati Sparta Rotterdam,21, Forward,,0(1),27,-,-,2,-,-,-,-,-,6.15
428,Samuel Scheimann VVV-Venlo,34, D(L),,3(5),318,0.4,0.5,0.3,0.1,1.4,0.4,-,-,6.14
429,Jhonny Quiñónez Willem II,23, Midfielder,,0(5),102,0.8,0.4,0.4,-,0.4,0.6,-,-,6.13
430,Naoufal Bannis Feyenoord,19, Forward,,0(4),59,0.5,-,0.5,-,-,-,-,-,6.13
431,Kees Heemskerk RKC Waalwijk,30, Goalkeeper,,3(1),229,-,-,-,0.3,0.5,-,-,-,6.13
432,Ruben Roosken FC Emmen,21, Defender,,0(3),46,0.7,0.7,0.3,-,0.7,0.3,-,-,6.12
433,Danilo Ajax,22, FW,,0(1),18,-,-,-,-,-,-,-,-,6.12
434,Kenzo Goudmijn AZ Alkmaar,19, Midfielder,,0(1),4,-,-,-,-,-,-,-,-,6.12
435,Leon Sopic FC Emmen,21, Defender,,0(1),2,-,-,1,-,-,-,-,-,6.12
436,Marouan Azarkan Feyenoord,19, Forward,,0(1),18,1,1,-,-,-,-,-,-,6.12
437,Paul Gladon Willem II,29, FW,,0(18),186,0.1,-,0.4,0.1,0.2,-,-,-,6.12
438,Agim Zeka Fortuna Sittard,23, Forward,,0(5),79,0.2,-,0.4,-,-,0.4,-,-,6.11
439,Rick Zuijderwijk Willem II,20, Midfielder,,0(2),20,0.5,-,-,-,-,-,-,-,6.11
440,Albert Gudmundsson AZ Alkmaar,24, AM(CLR),FW,1(3),119,-,-,0.5,-,-,0.8,-,-,6.11
441,Lars Nieuwpoort RKC Waalwijk,27, D(C),,2(1),222,1.7,1.3,1,-,1,-,0.7,-,6.1
442,Oussama Darfalou Vitesse,28, FW,,0(6),57,0.3,0.2,0.2,-,-,0.2,-,-,6.1
443,Jeremy Cijntje Heracles,23, Forward,,2(7),260,0.6,0.2,0.2,-,-,0.2,-,-,6.1
444,Henk Bos FC Emmen,29, Midfielder,,1(3),125,0.8,0.3,0.3,-,0.8,0.8,0.3,-,6.1
445,Daniel Høegh SC Heerenveen,30, D(C),,0(4),8,-,-,-,-,1.3,-,-,-,6.1
446,Nassim El Ablak Fortuna Sittard,21, Midfielder,,0(3),58,-,0.7,1,-,-,0.3,-,-,6.09
447,Teun Bijleveld Heracles,23, M(C),,1(14),212,0.5,-,0.1,-,0.1,0.3,0.1,-,6.08
448,Yassin Ayoub Feyenoord,27, M(C),,0(3),46,0.3,-,0.7,-,-,0.3,-,-,6.07
449,Elton Kabangu Willem II,23, Forward,,0(4),38,0.3,-,-,-,0.3,-,-,-,6.07
450,Mitchell van Rooijen FC Utrecht,22, Midfielder,,1,66,2,-,2,-,-,-,-,-,6.07
451,Rico Strieder FC Utrecht,29, DMC,,2(3),162,0.6,0.4,1.4,-,0.2,1.2,-,-,6.06
452,James McGarry Willem II,23, Defender,,0(1),6,1,-,-,-,-,-,-,-,6.06
453,Freddy Quispel FC Emmen,21, Forward,,0(3),28,0.3,0.3,-,-,-,1,-,-,6.05
454,Tristan Dekker VVV-Venlo,23, D(R),,0(4),56,-,0.8,-,-,-,0.3,-,-,6.04
455,Adnan Ugur Fortuna Sittard,20, M(C),,4(2),295,0.8,0.3,0.2,0.2,-,0.8,-,-,6.04
456,Adrián Szoke Heracles,23, FW,,1(9),170,0.3,-,0.6,-,0.1,0.1,-,-,6.03
457,Mark Duffy ADO Den Haag,36, AM(CLR),,2(3),177,0.6,-,0.4,-,0.4,1.2,-,-,6.03
458,Thomas Buitink Vitesse,21, FW,,2(15),395,0.2,0.1,0.6,-,0.1,0.5,0.1,-,6.03
459,Rein Smit SC Heerenveen,20, Forward,,0(1),11,-,-,-,-,-,-,-,-,6.02
460,Nikolai Baden Frederiksen Fortuna Sittard,21, AM(R),,1(1),48,1,-,0.5,-,-,1,-,-,6.02
461,Wouter Marinus FC Emmen,26, AM(C),,0(3),33,0.3,-,0.7,-,0.7,0.3,-,-,6.01
462,Mick van Buren ADO Den Haag,29, FW,,1(3),92,-,-,0.5,-,0.3,-,-,-,6.01
463,Stanley Elbers PEC Zwolle,29, AM(LR),,1(1),69,-,0.5,0.5,-,-,-,0.5,-,6.01
464,Daishawn Redan FC Groningen,20, FW,,4(1),332,-,-,0.6,-,-,-,-,-,6.01
465,Hilary Gong Vitesse,23, Forward,,0(1),24,-,1,-,-,-,-,-,-,6.0
466,Zakaria Aboukhlal PSV Eindhoven,21, AM(R),,0(1),1,-,-,-,-,-,-,-,-,6.0
467,Zakaria Aboukhlal AZ Alkmaar,21, AM(R),,0(12),191,0.3,0.1,0.4,-,0.2,0.3,-,-,6.0
468,Abdallah Aberkane Sparta Rotterdam,21, Defender,,0(1),3,-,-,1,-,-,-,-,-,5.99
469,Jarno Westerman PEC Zwolle,19, Forward,,1(3),91,-,-,0.3,-,-,0.3,-,-,5.99
470,Sven van Beek Feyenoord,27, D(C),,0(1),1,-,-,-,-,-,-,-,-,5.99
471,Tomás Suslov FC Groningen,19, AM(CR),,0(1),3,-,-,-,-,-,-,-,-,5.97
472,Sontje Hansen Ajax,19, Forward,,0(1),11,-,-,1,-,-,-,-,-,5.96
473,Karim Coulibaly Willem II,28, AM(L),,0(1),9,-,-,1,-,-,-,-,-,5.94
474,Richard van der Venne RKC Waalwijk,29, AM(C),,7,536,1.1,0.6,1.4,-,0.6,2.6,0.3,-,5.93
475,Steffen Schäfer VVV-Venlo,27, D(CL),,8(1),678,0.9,1.6,0.2,0.6,3.7,0.7,0.6,-,5.92
476,Justin Ogenia Willem II,22, Defender,,0(1),18,-,1,1,-,-,-,-,-,5.91
477,Lamine Sané FC Utrecht,34, D(C),M(C),0(1),1,-,-,-,-,-,-,-,-,5.9
478,Dehninio Muringen ADO Den Haag,22, Defender,,1,55,2,-,2,-,-,-,-,-,5.86
479,Dylan Vente Feyenoord,22, FW,,1,64,-,-,-,-,-,-,-,-,5.81
480,Dylan Seys RKC Waalwijk,25, AM(R),,0(3),60,-,-,1.3,-,-,-,-,-,5.75
481,Henrico Drost RKC Waalwijk,34, D(C),,3,226,0.7,2,1,1,2,-,0.7,-,5.71
482,Clint Leemans PEC Zwolle,26, M(CR),,0(1),59,-,-,-,-,2,2,-,1,5.63
483,Tommy St. Jago FC Utrecht,21, D(C),,0(1),4,-,-,1,-,-,-,-,-,5.61
